id,timestamp,activity,customer_id,plan_type,plan_length,plan_quantity,revenue_impact,activity_ocurrence,activity_repeated_at
1,2022-05-05T03:39:07Z,contract_paid,vgoldthorpe0@mlb.com,plan4,7,84,14.3,0,
2,2022-05-28T22:34:02Z,contract_paid,ncowitz1@dedecms.com,plan2,27,79,48.5,0,
3,2022-05-24T18:25:46Z,contract_signed,delfes2@gmpg.org,plan1,2,9,18.2,0,
4,2022-03-04T18:49:56Z,contract_paid,bfollos3@ycombinator.com,plan4,23,50,83.4,0,
5,2022-01-20T07:42:41Z,contract_upgraded,lnoury4@ted.com,plan3,5,54,15.7,0,
6,2022-02-02T19:43:43Z,contract_paid,sboston5@flavors.me,plan3,36,49,96.6,0,
7,2022-04-10T22:48:55Z,contract_paid,sgawne6@prweb.com,plan4,34,1,95.8,0,
8,2021-11-21T07:54:20Z,contract_paid,nupchurch7@google.cn,plan2,19,75,11.3,0,
9,2021-11-02T10:29:09Z,contract_paid,cspikings8@com.com,plan2,22,16,85.8,0,
10,2022-09-10T00:04:07Z,contract_paid,bengeham9@harvard.edu,plan4,23,99,92.4,0,
11,2022-01-18T05:53:03Z,contract_signed,eleathera@cyberchimps.com,plan4,21,35,25.9,0,
12,2022-02-09T10:49:03Z,contract_canceled,lvignauxb@lycos.com,plan1,10,29,50.7,0,
13,2022-07-28T01:39:42Z,contract_paid,nsondonc@hexun.com,plan3,18,28,84.7,0,
14,2022-03-30T19:21:31Z,contract_paid,vbrannand@oracle.com,plan4,28,16,42.0,0,
15,2021-11-03T22:04:53Z,contract_paid,sgalee@ihg.com,plan4,12,76,75.8,0,
16,2021-10-29T09:54:06Z,contract_paid,lsirmanf@flavors.me,plan2,27,84,70.7,0,
17,2021-11-24T08:06:28Z,contract_paid,tclaeskensg@reference.com,plan2,4,15,83.2,0,
18,2022-08-20T04:20:52Z,contract_upgraded,balgyh@epa.gov,plan4,19,41,88.2,0,
19,2022-04-24T04:34:48Z,contract_paid,ztrevithicki@theglobeandmail.com,plan4,25,78,73.9,0,
20,2022-08-25T21:09:56Z,contract_downgraded,rgleadhallj@ycombinator.com,plan4,34,38,10.3,0,
21,2022-02-19T17:50:05Z,contract_signed,breddellk@vimeo.com,plan4,5,48,81.5,0,
22,2022-02-25T18:17:22Z,contract_paid,blehrerl@canalblog.com,plan1,7,37,42.9,0,
23,2022-05-28T04:04:45Z,contract_paid,opurdeym@hao123.com,plan2,7,99,22.2,0,
24,2022-01-06T00:44:05Z,contract_upgraded,gmorsleyn@businessweek.com,plan1,19,40,92.3,0,
25,2021-10-11T12:30:06Z,contract_paid,tmaccalliono@barnesandnoble.com,plan1,1,38,94.1,0,
26,2022-02-24T13:12:05Z,contract_paid,scharterp@ucsd.edu,plan3,7,58,55.7,0,
27,2022-03-06T12:30:24Z,contract_upgraded,mtibbottsq@vistaprint.com,plan4,19,55,58.6,0,
28,2022-07-30T02:57:33Z,contract_signed,mbausmannr@msn.com,plan1,25,68,76.8,0,
29,2022-05-30T05:11:50Z,contract_paid,mpundys@flavors.me,plan1,16,54,97.9,0,
30,2021-10-20T22:17:03Z,contract_paid,amoreinut@abc.net.au,plan1,35,91,58.7,0,
31,2021-12-14T23:50:05Z,contract_upgraded,sbatcheldoru@squarespace.com,plan4,29,97,16.9,0,
32,2022-08-30T02:55:59Z,contract_signed,bbanesv@mayoclinic.com,plan2,29,1,73.5,0,
33,2021-10-30T04:11:58Z,contract_upgraded,gelstonew@godaddy.com,plan4,11,74,21.2,0,
34,2022-09-27T12:53:55Z,contract_paid,wpaulillox@joomla.org,plan1,4,39,11.1,0,
35,2022-09-12T00:33:01Z,contract_paid,avandenveldey@mozilla.org,plan3,35,25,90.1,0,
36,2021-12-14T01:44:42Z,contract_signed,csannesz@businessweek.com,plan4,31,6,90.0,0,
37,2022-08-14T10:15:58Z,contract_downgraded,aaldis10@hhs.gov,plan2,6,33,71.9,0,
38,2022-02-24T10:46:30Z,contract_paid,hgaw11@pagesperso-orange.fr,plan2,12,69,85.3,0,
39,2022-06-28T09:37:12Z,contract_paid,ycarlos12@t.co,plan4,28,100,44.3,0,
40,2022-02-28T17:51:24Z,contract_paid,mgalley13@google.cn,plan2,29,59,21.6,0,
41,2022-02-06T15:40:13Z,contract_signed,grachuig14@cisco.com,plan4,22,78,51.3,0,
42,2022-08-28T22:28:23Z,contract_downgraded,abentz15@de.vu,plan2,6,72,24.9,0,
43,2022-04-15T07:22:31Z,contract_signed,sparzis16@histats.com,plan2,13,48,45.5,0,
44,2022-10-05T18:23:44Z,contract_signed,fgabriely17@ow.ly,plan3,7,4,32.5,0,
45,2022-09-02T08:33:51Z,contract_upgraded,rdarcy18@marriott.com,plan2,23,76,35.0,0,
46,2022-04-28T20:22:14Z,contract_paid,bsokale19@apple.com,plan2,30,54,61.3,0,
47,2022-06-01T01:45:31Z,contract_signed,mkobpal1a@samsung.com,plan4,34,54,82.4,0,
48,2022-09-21T07:18:29Z,contract_downgraded,bbrainsby1b@yahoo.com,plan1,36,23,29.0,0,
49,2022-02-09T21:30:55Z,contract_downgraded,cwrangle1c@geocities.com,plan3,32,70,88.7,0,
50,2021-12-02T18:45:57Z,contract_paid,apile1d@ca.gov,plan2,23,74,65.6,0,
51,2022-01-24T02:44:04Z,contract_paid,rminor1e@shinystat.com,plan3,24,61,45.0,0,
52,2021-10-20T08:01:59Z,contract_upgraded,nspivey1f@about.com,plan2,36,29,63.2,0,
53,2022-01-08T04:54:59Z,contract_paid,blibby1g@cnet.com,plan4,22,27,84.5,0,
54,2022-05-23T02:47:06Z,contract_paid,esilcox1h@salon.com,plan4,31,91,39.5,0,
55,2022-02-11T15:32:49Z,contract_downgraded,tweeks1i@sciencedaily.com,plan3,21,90,15.0,0,
56,2022-07-01T13:59:15Z,contract_signed,mboak1j@vimeo.com,plan2,5,52,78.1,0,
57,2022-09-15T16:08:07Z,contract_signed,obayston1k@craigslist.org,plan3,11,50,80.8,0,
58,2022-09-18T22:29:33Z,contract_canceled,dcattrell1l@dailymail.co.uk,plan1,11,100,96.0,0,
59,2021-11-06T05:34:09Z,contract_paid,eglacken1m@msu.edu,plan2,15,45,91.4,0,
60,2021-11-08T22:48:38Z,contract_signed,dhammarberg1n@google.co.uk,plan2,21,97,36.0,0,
61,2021-11-04T10:31:08Z,contract_canceled,tnicholls1o@webnode.com,plan4,2,36,86.9,0,
62,2022-02-13T06:50:54Z,contract_signed,jpavlovsky1p@quantcast.com,plan2,2,56,67.5,0,
63,2022-03-10T17:36:56Z,contract_paid,smyderscough1q@mayoclinic.com,plan4,2,40,63.5,0,
64,2022-05-03T22:57:13Z,contract_paid,rbiggerdike1r@amazon.de,plan1,14,10,64.1,0,
65,2022-07-12T15:02:13Z,contract_paid,kosan1s@imdb.com,plan1,33,60,65.9,0,
66,2022-02-23T10:20:09Z,contract_canceled,ntungay1t@mit.edu,plan2,4,74,45.0,0,
67,2021-11-21T17:03:14Z,contract_canceled,vcrosston1u@dyndns.org,plan3,32,99,84.7,0,
68,2022-08-24T23:33:15Z,contract_paid,lformby1v@telegraph.co.uk,plan1,30,3,24.6,0,
69,2022-02-22T02:04:05Z,contract_paid,bleed1w@ameblo.jp,plan2,31,77,52.5,0,
70,2022-06-27T05:13:18Z,contract_paid,cmarusic1x@github.io,plan3,29,50,37.6,0,
71,2022-09-07T19:42:53Z,contract_paid,bharrill1y@engadget.com,plan3,33,26,44.1,0,
72,2022-09-09T10:51:16Z,contract_paid,nliversage1z@un.org,plan4,12,84,85.9,0,
73,2022-05-29T22:34:06Z,contract_paid,ebelderfield20@tripadvisor.com,plan3,9,85,17.3,0,
74,2022-07-20T15:10:02Z,contract_signed,sspringtorpe21@psu.edu,plan1,18,95,18.2,0,
75,2021-10-11T07:34:14Z,contract_signed,lwavell22@123-reg.co.uk,plan3,34,47,79.9,0,
76,2022-01-13T07:02:08Z,contract_paid,bbarensen23@meetup.com,plan2,28,81,86.4,0,
77,2022-05-22T01:34:37Z,contract_upgraded,bcowen24@mozilla.org,plan2,35,68,69.1,0,
78,2022-06-26T03:44:42Z,contract_paid,dtomczykowski25@vk.com,plan4,17,35,11.2,0,
79,2021-10-28T15:02:16Z,contract_paid,aempringham26@issuu.com,plan4,33,63,42.3,0,
80,2021-10-19T21:19:09Z,contract_signed,cbarrat27@cnbc.com,plan4,22,25,82.1,0,
81,2022-08-02T19:15:46Z,contract_signed,hbeards28@theglobeandmail.com,plan4,13,39,29.8,0,
82,2022-01-06T23:06:41Z,contract_canceled,rritelli29@scientificamerican.com,plan3,15,83,63.7,0,
83,2022-06-24T07:43:16Z,contract_paid,bgee2a@shop-pro.jp,plan1,33,24,21.2,0,
84,2022-02-18T09:29:43Z,contract_signed,rcrewe2b@list-manage.com,plan3,34,60,46.3,0,
85,2022-07-18T13:41:00Z,contract_paid,bmealing2c@senate.gov,plan2,32,80,34.0,0,
86,2021-12-28T19:05:54Z,contract_paid,fsiddons2d@cornell.edu,plan4,17,33,60.7,0,
87,2022-05-13T23:31:32Z,contract_paid,cspires2e@sakura.ne.jp,plan2,2,51,96.4,0,
88,2022-02-01T23:28:27Z,contract_upgraded,glooks2f@microsoft.com,plan3,5,80,72.1,0,
89,2022-01-18T06:37:21Z,contract_signed,hserrurier2g@lulu.com,plan1,31,40,44.3,0,
90,2022-07-14T05:31:45Z,contract_upgraded,mpieche2h@google.fr,plan3,5,55,75.4,0,
91,2021-11-04T05:34:41Z,contract_upgraded,nlegrave2i@stanford.edu,plan2,9,54,12.4,0,
92,2021-12-05T14:55:02Z,contract_upgraded,stregensoe2j@bizjournals.com,plan4,30,64,11.9,0,
93,2022-03-23T06:16:48Z,contract_paid,prearie2k@cargocollective.com,plan2,11,71,70.5,0,
94,2021-11-16T00:05:52Z,contract_canceled,esplain2l@tmall.com,plan2,17,46,31.3,0,
95,2022-04-16T09:32:12Z,contract_paid,bbranston2m@surveymonkey.com,plan3,5,86,83.9,0,
96,2021-10-20T22:40:14Z,contract_upgraded,pbate2n@imgur.com,plan3,29,59,23.6,0,
97,2021-11-14T04:49:39Z,contract_paid,broggeman2o@vistaprint.com,plan3,25,53,44.3,0,
98,2021-12-20T02:09:09Z,contract_downgraded,kcleever2p@privacy.gov.au,plan2,30,42,97.8,0,
99,2022-02-15T19:14:49Z,contract_signed,slandsberg2q@sun.com,plan1,30,28,47.1,0,
100,2022-06-14T11:07:06Z,contract_signed,eeighteen2r@prweb.com,plan3,28,66,91.7,0,
101,2022-01-02T21:27:50Z,contract_paid,rbransby2s@globo.com,plan3,17,37,43.3,0,
102,2022-02-10T05:18:14Z,contract_paid,aivanikov2t@techcrunch.com,plan2,31,55,29.2,0,
103,2021-11-07T07:44:56Z,contract_upgraded,orawlingson2u@noaa.gov,plan2,29,86,77.1,0,
104,2022-04-15T00:42:15Z,contract_paid,tbonnin2v@earthlink.net,plan2,36,74,80.0,0,
105,2022-01-14T03:02:48Z,contract_paid,idivis2w@barnesandnoble.com,plan1,20,58,55.7,0,
106,2022-03-07T23:27:53Z,contract_signed,aduffan2x@imdb.com,plan4,26,22,28.5,0,
107,2022-08-05T06:47:30Z,contract_paid,hszymczyk2y@tamu.edu,plan2,29,33,69.1,0,
108,2022-09-18T12:36:30Z,contract_paid,cjuanico2z@msu.edu,plan3,21,26,55.8,0,
109,2022-04-12T08:11:41Z,contract_upgraded,hguinery30@oracle.com,plan2,15,40,45.9,0,
110,2022-09-22T08:05:10Z,contract_paid,dwearing31@nature.com,plan1,2,65,97.1,0,
111,2022-09-23T18:42:22Z,contract_paid,erysdale32@uiuc.edu,plan2,34,56,24.9,0,
112,2022-03-24T08:09:30Z,contract_paid,bwinscum33@alibaba.com,plan1,31,12,69.7,0,
113,2022-05-16T21:57:15Z,contract_paid,tconvery34@microsoft.com,plan1,9,24,99.7,0,
114,2021-11-23T19:13:37Z,contract_signed,bcornill35@vimeo.com,plan1,35,44,11.9,0,
115,2022-02-15T22:02:17Z,contract_signed,roxterby36@wikipedia.org,plan1,36,55,68.1,0,
116,2022-02-21T01:53:33Z,contract_paid,kwragg37@microsoft.com,plan3,36,79,57.9,0,
117,2022-04-12T20:48:23Z,contract_paid,apenrice38@lulu.com,plan2,17,92,69.7,0,
118,2022-06-30T02:53:01Z,contract_paid,akerr39@tmall.com,plan2,28,86,15.2,0,
119,2022-02-03T00:31:38Z,contract_paid,kbridgett3a@smugmug.com,plan2,30,73,47.4,0,
120,2022-02-08T09:27:44Z,contract_downgraded,danslow3b@army.mil,plan3,16,93,33.7,0,
121,2021-10-13T11:29:12Z,contract_paid,bcokely3c@studiopress.com,plan3,28,90,68.1,0,
122,2021-10-17T22:16:17Z,contract_paid,acrawcour3d@cafepress.com,plan1,16,59,60.3,0,
123,2022-08-09T15:08:57Z,contract_upgraded,fsealeaf3e@aol.com,plan4,8,34,69.3,0,
124,2022-01-22T11:24:37Z,contract_signed,sleakner3f@meetup.com,plan3,10,83,45.5,0,
125,2021-10-30T03:03:05Z,contract_paid,cdodds3g@gov.uk,plan4,26,34,24.0,0,
126,2022-03-17T04:06:24Z,contract_signed,bbriscoe3h@google.ca,plan2,7,80,91.2,0,
127,2022-05-19T16:16:21Z,contract_signed,mclute3i@g.co,plan3,14,90,49.8,0,
128,2022-09-03T19:22:55Z,contract_paid,cthoday3j@furl.net,plan3,11,69,59.5,0,
129,2022-06-26T00:07:54Z,contract_paid,tcowherd3k@friendfeed.com,plan1,26,79,56.4,0,
130,2021-10-29T07:21:21Z,contract_downgraded,mmelland3l@parallels.com,plan2,36,95,67.1,0,
131,2022-03-30T03:27:38Z,contract_paid,tkinner3m@berkeley.edu,plan1,23,21,16.0,0,
132,2022-10-01T09:45:14Z,contract_paid,lshasnan3n@ed.gov,plan4,28,15,46.3,0,
133,2022-02-17T21:39:08Z,contract_canceled,dpleace3o@icq.com,plan2,7,81,13.1,0,
134,2022-07-26T00:46:33Z,contract_paid,ahapper3p@sbwire.com,plan2,9,95,71.9,0,
135,2022-02-23T23:15:24Z,contract_paid,bmersh3q@nationalgeographic.com,plan4,34,39,55.3,0,
136,2022-04-06T19:20:10Z,contract_downgraded,gelphinston3r@uiuc.edu,plan4,19,33,36.5,0,
137,2022-09-25T13:06:13Z,contract_signed,ejohannes3s@constantcontact.com,plan2,34,39,35.2,0,
138,2022-07-10T20:18:45Z,contract_paid,awilsone3t@state.tx.us,plan2,4,94,38.4,0,
139,2021-11-18T17:09:45Z,contract_downgraded,fmuneely3u@barnesandnoble.com,plan2,21,98,47.8,0,
140,2021-11-16T10:20:14Z,contract_signed,smelody3v@goodreads.com,plan3,29,73,93.9,0,
141,2022-09-21T07:05:49Z,contract_canceled,hgarrique3w@youtu.be,plan1,33,81,24.7,0,
142,2021-11-08T00:03:10Z,contract_downgraded,fhugh3x@blog.com,plan4,25,38,27.5,0,
143,2022-09-07T13:25:03Z,contract_downgraded,msember3y@digg.com,plan2,4,21,54.4,0,
144,2022-05-20T05:22:00Z,contract_paid,mtoderbrugge3z@people.com.cn,plan4,11,89,48.4,0,
145,2022-07-28T02:16:40Z,contract_paid,sduetsche40@msn.com,plan3,29,40,11.4,0,
146,2022-01-05T09:09:56Z,contract_paid,lhalton41@xing.com,plan4,16,18,33.6,0,
147,2022-09-29T03:28:10Z,contract_paid,skunze42@hostgator.com,plan1,5,75,51.9,0,
148,2022-06-23T22:08:33Z,contract_signed,hdumelow43@lulu.com,plan2,18,52,52.2,0,
149,2022-08-31T19:52:08Z,contract_signed,vkirvell44@ameblo.jp,plan2,1,96,15.7,0,
150,2022-07-05T05:49:32Z,contract_paid,rbassingham45@netscape.com,plan2,6,81,34.5,0,
151,2022-01-05T15:09:36Z,contract_paid,bpaeckmeyer46@psu.edu,plan2,22,70,87.2,0,
152,2022-01-25T06:54:30Z,contract_paid,sricardin47@privacy.gov.au,plan1,29,96,42.6,0,
153,2021-12-13T19:24:51Z,contract_paid,ckindred48@google.com,plan1,15,55,76.8,0,
154,2021-10-26T22:55:41Z,contract_signed,troscher49@barnesandnoble.com,plan2,22,64,35.7,0,
155,2022-01-13T04:42:32Z,contract_paid,etrout4a@godaddy.com,plan4,8,34,75.3,0,
156,2022-05-19T02:46:29Z,contract_signed,fdregan4b@1und1.de,plan1,6,59,86.1,0,
157,2022-09-10T02:26:03Z,contract_upgraded,jskippon4c@apache.org,plan2,26,34,79.1,0,
158,2022-01-19T02:17:23Z,contract_paid,gsobieski4d@deliciousdays.com,plan4,18,49,88.6,0,
159,2021-11-05T07:10:19Z,contract_paid,smeanwell4e@last.fm,plan4,19,29,54.4,0,
160,2022-02-27T08:44:44Z,contract_paid,htideswell4f@macromedia.com,plan3,11,66,61.7,0,
161,2022-05-16T15:38:05Z,contract_paid,apellitt4g@cisco.com,plan3,27,5,27.4,0,
162,2022-09-19T09:31:27Z,contract_paid,dmitchard4h@behance.net,plan4,1,39,57.2,0,2022-01-29T22:44:10Z
163,2021-12-16T12:46:04Z,contract_paid,lbooij4i@yellowpages.com,plan3,14,65,98.2,0,
164,2022-07-22T19:45:45Z,contract_paid,mwafer4j@nba.com,plan2,24,33,23.7,0,
165,2022-03-21T09:43:30Z,contract_paid,cshelbourne4k@wufoo.com,plan3,21,5,45.0,0,
166,2022-08-23T12:16:33Z,contract_paid,rbeamson4l@japanpost.jp,plan4,18,12,18.2,0,
167,2021-12-09T02:46:47Z,contract_downgraded,gmarchbank4m@msu.edu,plan2,8,95,44.2,0,
168,2022-05-15T03:24:07Z,contract_paid,nogrady4n@eventbrite.com,plan1,4,91,37.3,0,
169,2021-11-25T08:41:47Z,contract_paid,rmohammad4o@cmu.edu,plan2,35,57,13.2,0,
170,2022-07-13T03:27:50Z,contract_downgraded,echristofides4p@toplist.cz,plan3,22,5,34.0,0,
171,2021-12-26T04:30:41Z,contract_paid,rlinden4q@ted.com,plan3,21,91,62.1,0,
172,2022-01-15T11:09:44Z,contract_paid,dpatters4r@home.pl,plan1,18,53,50.0,0,
173,2022-09-28T22:51:24Z,contract_downgraded,owetherby4s@ucsd.edu,plan2,2,15,63.2,0,
174,2021-10-14T10:35:18Z,contract_paid,cgodehardsf4t@google.ca,plan4,2,42,55.8,0,
175,2022-09-16T06:23:55Z,contract_paid,kblowfield4u@mail.ru,plan3,29,60,11.6,0,
176,2022-09-19T04:48:23Z,contract_paid,gkristiansen4v@archive.org,plan1,5,88,89.3,0,
177,2022-01-11T11:07:30Z,contract_paid,ccassy4w@slideshare.net,plan3,27,70,95.3,0,
178,2022-06-10T06:11:13Z,contract_canceled,cedwinson4x@comcast.net,plan1,32,38,62.2,0,
179,2021-10-09T22:51:57Z,contract_paid,tklesse4y@fotki.com,plan2,13,11,96.5,0,
180,2022-07-24T16:55:25Z,contract_paid,jhornbuckle4z@toplist.cz,plan2,7,88,45.8,0,
181,2021-12-16T16:48:23Z,contract_signed,fchesshyre50@mapquest.com,plan2,28,16,34.2,0,
182,2022-02-20T13:07:04Z,contract_paid,twooster51@redcross.org,plan3,17,25,36.9,0,
183,2022-01-12T03:34:47Z,contract_paid,pfidgeon52@fema.gov,plan3,1,86,30.1,0,
184,2022-08-20T10:35:02Z,contract_upgraded,jjerdein53@rambler.ru,plan2,31,35,88.1,0,
185,2022-08-27T12:34:08Z,contract_paid,aanfossi54@topsy.com,plan2,4,57,81.7,0,
186,2022-04-04T06:16:11Z,contract_paid,wshrieve55@huffingtonpost.com,plan3,29,35,58.9,0,
187,2022-06-16T13:40:54Z,contract_paid,mcollis56@exblog.jp,plan2,11,99,70.8,0,
188,2022-02-13T13:30:16Z,contract_paid,nbouzek57@ted.com,plan1,23,66,22.3,0,
189,2022-06-02T16:19:49Z,contract_paid,iredparth58@ycombinator.com,plan4,7,81,42.2,0,
190,2022-01-22T04:54:01Z,contract_downgraded,bdenney59@amazonaws.com,plan1,35,32,80.3,0,
191,2021-11-12T07:09:12Z,contract_paid,akermannes5a@imdb.com,plan1,18,61,79.1,0,
192,2021-11-19T18:19:49Z,contract_downgraded,lcoole5b@nyu.edu,plan1,29,62,77.7,0,
193,2021-12-23T08:57:58Z,contract_downgraded,rleaney5c@baidu.com,plan4,25,30,52.1,0,
194,2022-04-19T19:09:47Z,contract_paid,dshinfield5d@pbs.org,plan1,2,93,23.1,0,
195,2022-05-31T13:08:13Z,contract_upgraded,gbaxstair5e@nationalgeographic.com,plan2,4,13,61.7,0,
196,2022-01-05T00:53:18Z,contract_upgraded,jbuttfield5f@prlog.org,plan2,15,64,31.3,0,
197,2022-01-23T01:33:07Z,contract_signed,lwillcox5g@abc.net.au,plan4,36,8,49.9,0,
198,2022-02-24T11:15:23Z,contract_paid,bgregorowicz5h@timesonline.co.uk,plan1,22,30,81.1,0,
199,2022-06-30T18:25:19Z,contract_upgraded,abelloch5i@sfgate.com,plan1,5,91,40.8,0,
200,2022-03-02T19:27:46Z,contract_signed,wgettings5j@t-online.de,plan2,8,100,27.9,0,
201,2022-01-24T03:05:14Z,contract_paid,gbiglin5k@mtv.com,plan2,3,35,36.2,0,
202,2022-07-15T01:48:28Z,contract_upgraded,dcoultous5l@so-net.ne.jp,plan4,18,89,64.1,0,
203,2022-10-05T01:28:36Z,contract_upgraded,aberge5m@flickr.com,plan2,4,52,99.1,0,
204,2022-01-26T03:59:28Z,contract_signed,astidworthy5n@hibu.com,plan3,35,74,94.0,0,
205,2022-07-27T04:00:00Z,contract_downgraded,jquest5o@tinyurl.com,plan4,13,26,10.5,0,
206,2021-11-15T13:45:02Z,contract_paid,gkingshott5p@engadget.com,plan4,20,41,39.4,0,
207,2022-04-29T21:29:55Z,contract_paid,canker5q@sohu.com,plan1,23,38,43.6,0,
208,2022-01-30T03:44:32Z,contract_paid,jbranchflower5r@trellian.com,plan2,33,43,51.4,0,
209,2022-05-25T12:47:26Z,contract_paid,sbinden5s@prlog.org,plan2,32,13,45.8,0,
210,2021-10-12T14:00:15Z,contract_paid,aoag5t@wired.com,plan4,34,11,14.1,0,
211,2022-08-29T09:20:26Z,contract_paid,lpetrus5u@last.fm,plan1,6,11,51.0,0,
212,2022-03-15T23:55:11Z,contract_signed,efrancom5v@bravesites.com,plan3,16,39,95.5,0,
213,2022-07-13T16:39:39Z,contract_paid,crutherforth5w@nyu.edu,plan2,9,15,33.9,0,
214,2021-12-12T12:26:20Z,contract_paid,cilyin5x@delicious.com,plan1,18,31,35.6,0,
215,2022-07-11T05:46:18Z,contract_paid,drattery5y@bloglovin.com,plan4,16,9,59.6,0,
216,2022-03-06T12:45:44Z,contract_paid,egorry5z@foxnews.com,plan4,15,67,79.9,0,
217,2022-04-11T12:28:40Z,contract_paid,asellner60@archive.org,plan2,28,27,11.9,0,
218,2022-03-14T12:49:18Z,contract_signed,abifield61@nytimes.com,plan3,22,73,58.4,0,
219,2021-11-11T16:47:32Z,contract_paid,jbotham62@is.gd,plan1,16,77,37.1,0,
220,2022-05-20T03:31:31Z,contract_paid,mflattman63@github.com,plan1,12,33,83.3,0,
221,2022-07-01T17:14:27Z,contract_paid,aberge64@dagondesign.com,plan4,27,7,79.9,0,
222,2022-03-25T03:35:43Z,contract_signed,bwoan65@adobe.com,plan1,36,27,22.5,0,
223,2022-01-31T19:43:46Z,contract_signed,amilhench66@ebay.co.uk,plan1,18,13,96.8,0,
224,2022-05-03T03:24:03Z,contract_paid,jcabedo67@behance.net,plan1,21,5,82.9,0,
225,2021-12-29T05:27:46Z,contract_paid,fscrase68@canalblog.com,plan4,8,54,13.9,0,
226,2022-06-07T19:48:28Z,contract_upgraded,rhubbocks69@amazon.com,plan1,35,46,27.2,0,
227,2021-11-29T10:03:20Z,contract_paid,aohannigan6a@zdnet.com,plan2,21,35,39.0,0,
228,2021-10-19T16:00:33Z,contract_paid,cnotton6b@mozilla.com,plan1,11,79,47.9,0,
229,2021-11-14T03:12:31Z,contract_signed,cbaldini6c@dailymail.co.uk,plan2,13,35,76.9,0,
230,2022-08-31T20:25:30Z,contract_paid,adesvignes6d@yahoo.com,plan2,35,52,62.4,0,
231,2022-10-02T01:27:03Z,contract_signed,fdixie6e@vimeo.com,plan4,10,7,11.5,0,
232,2022-04-17T17:38:37Z,contract_signed,pbedwell6f@tinypic.com,plan1,8,51,74.0,0,
233,2022-06-20T23:26:22Z,contract_paid,bseleway6g@noaa.gov,plan4,11,99,67.1,0,
234,2022-06-16T19:35:44Z,contract_upgraded,tsharpin6h@fema.gov,plan2,7,30,99.6,0,
235,2021-11-24T22:49:40Z,contract_paid,lcatcheside6i@who.int,plan4,30,69,72.9,0,
236,2022-09-06T11:22:02Z,contract_paid,mbelitz6j@godaddy.com,plan3,8,10,86.6,0,
237,2022-08-03T01:11:26Z,contract_paid,wfroom6k@nature.com,plan2,24,9,16.9,0,
238,2022-05-27T04:03:28Z,contract_paid,jtadd6l@arizona.edu,plan4,25,68,66.2,0,
239,2022-08-28T22:32:50Z,contract_signed,oliddington6m@tiny.cc,plan2,34,63,58.4,0,
240,2022-08-19T01:47:21Z,contract_paid,ethake6n@rakuten.co.jp,plan4,10,91,79.1,0,
241,2022-06-06T20:29:22Z,contract_upgraded,srieme6o@omniture.com,plan2,20,7,43.6,0,
242,2022-09-25T06:16:04Z,contract_paid,ikidgell6p@over-blog.com,plan3,34,83,92.7,0,
243,2022-08-06T22:12:45Z,contract_downgraded,ppaterson6q@webs.com,plan4,35,5,62.7,0,
244,2022-01-11T03:29:02Z,contract_downgraded,hcleynaert6r@shop-pro.jp,plan3,8,55,61.3,0,
245,2021-11-02T07:26:44Z,contract_downgraded,omasterton6s@economist.com,plan1,32,49,38.8,0,
246,2022-06-15T05:50:03Z,contract_paid,arichfield6t@wired.com,plan3,1,100,56.2,0,
247,2022-05-08T22:22:14Z,contract_downgraded,pessberger6u@livejournal.com,plan3,29,28,38.2,0,
248,2022-03-14T08:14:30Z,contract_downgraded,edomerq6v@instagram.com,plan2,8,47,69.9,0,
249,2022-07-07T10:03:11Z,contract_upgraded,jbamlet6w@baidu.com,plan3,14,36,86.4,0,
250,2022-08-15T09:19:36Z,contract_downgraded,vheasman6x@tuttocitta.it,plan2,9,94,49.1,0,
251,2021-10-18T16:13:43Z,contract_paid,vcreevy6y@360.cn,plan1,23,8,51.9,0,
252,2021-10-27T11:20:07Z,contract_paid,nconnerly6z@thetimes.co.uk,plan1,30,92,73.9,0,
253,2022-06-20T06:25:49Z,contract_paid,dfarquar70@ocn.ne.jp,plan1,11,91,14.2,0,
254,2021-12-17T06:27:22Z,contract_upgraded,sandress71@state.gov,plan2,28,14,26.6,0,
255,2022-10-07T13:41:38Z,contract_paid,rryal72@barnesandnoble.com,plan1,4,30,31.6,0,
256,2022-10-06T16:04:09Z,contract_upgraded,rsynnott73@phoca.cz,plan3,32,10,66.3,0,
257,2022-08-05T18:49:29Z,contract_signed,rgosney74@slashdot.org,plan1,27,65,32.1,0,
258,2022-05-18T05:18:48Z,contract_paid,fmaclachlan75@cocolog-nifty.com,plan2,22,90,24.2,0,
259,2022-01-15T12:07:13Z,contract_canceled,dlaurenzi76@ycombinator.com,plan2,13,51,34.7,0,
260,2022-02-07T07:01:05Z,contract_signed,nbarks77@ovh.net,plan3,31,39,20.4,0,
261,2021-12-25T13:23:53Z,contract_upgraded,kmingame78@mediafire.com,plan3,21,97,55.6,0,
262,2022-08-25T22:17:44Z,contract_paid,ghalliday79@t-online.de,plan2,32,20,44.6,0,
263,2021-12-23T11:38:29Z,contract_signed,lshore7a@hc360.com,plan2,13,30,87.8,0,
264,2022-06-07T04:54:31Z,contract_paid,mheers7b@skype.com,plan3,35,48,74.4,0,
265,2021-11-29T11:10:14Z,contract_signed,jbrasted7c@berkeley.edu,plan4,6,22,75.0,0,
266,2022-06-25T06:09:30Z,contract_downgraded,dbrook7d@gmpg.org,plan3,11,1,94.5,0,
267,2022-07-18T13:12:39Z,contract_signed,bseedman7e@japanpost.jp,plan4,33,52,16.8,0,
268,2021-12-25T12:53:28Z,contract_paid,jwaltering7f@privacy.gov.au,plan1,35,82,88.1,0,
269,2022-06-07T15:43:20Z,contract_paid,mdeinhardt7g@php.net,plan4,4,76,44.9,0,
270,2022-02-26T19:56:07Z,contract_paid,nduhamel7h@surveymonkey.com,plan2,30,78,45.4,0,
271,2022-09-28T08:40:54Z,contract_paid,ldabnor7i@wsj.com,plan3,5,67,81.3,0,
272,2022-07-28T05:56:58Z,contract_paid,tcrosetto7j@europa.eu,plan1,12,13,16.5,0,
273,2022-02-07T14:47:27Z,contract_canceled,mgribben7k@disqus.com,plan2,33,15,63.6,0,
274,2022-07-23T00:45:16Z,contract_paid,gostrich7l@amazonaws.com,plan1,9,36,95.2,0,
275,2022-01-19T04:09:16Z,contract_paid,scressey7m@salon.com,plan4,11,91,16.7,0,
276,2022-02-08T20:08:36Z,contract_paid,dibbitson7n@tinyurl.com,plan4,7,81,29.0,0,
277,2022-03-05T15:00:59Z,contract_paid,tlapping7o@shop-pro.jp,plan3,36,98,57.9,0,
278,2022-08-14T17:35:39Z,contract_paid,twhitlock7p@bizjournals.com,plan2,11,19,61.9,0,
279,2022-07-20T19:44:35Z,contract_signed,reasen7q@shareasale.com,plan4,20,70,80.0,0,
280,2022-05-28T15:27:06Z,contract_downgraded,awinterbourne7r@netlog.com,plan3,4,13,53.8,0,
281,2022-08-16T05:51:47Z,contract_paid,kmaccafferty7s@ed.gov,plan2,24,96,70.1,0,
282,2021-10-23T17:53:24Z,contract_paid,bjirieck7t@cbc.ca,plan3,12,79,51.6,0,
283,2021-11-15T18:25:04Z,contract_paid,alavers7u@skype.com,plan1,5,25,53.8,0,
284,2022-01-31T10:35:47Z,contract_paid,rhowe7v@washington.edu,plan3,13,67,75.3,0,
285,2022-08-29T02:48:28Z,contract_paid,nkurtis7w@springer.com,plan4,1,94,21.4,0,
286,2022-07-04T16:51:52Z,contract_paid,djeffryes7x@reuters.com,plan2,4,7,20.4,0,
287,2022-09-24T08:03:21Z,contract_signed,bcoldwell7y@nymag.com,plan4,11,5,79.3,0,
288,2022-04-10T09:50:35Z,contract_paid,oblodgett7z@cisco.com,plan3,14,41,97.8,0,
289,2022-01-31T05:17:03Z,contract_paid,bwhitcher80@github.io,plan4,24,77,87.6,0,
290,2022-03-17T16:44:30Z,contract_paid,pthacker81@ning.com,plan3,11,31,32.3,0,
291,2022-05-07T13:24:12Z,contract_signed,lloud82@cbslocal.com,plan1,19,56,42.0,0,
292,2022-09-21T16:01:04Z,contract_paid,amathewson83@pen.io,plan4,34,70,79.6,0,
293,2022-08-18T12:24:38Z,contract_paid,lrathjen84@exblog.jp,plan3,26,17,96.5,0,
294,2022-09-12T02:02:51Z,contract_upgraded,dshafe85@npr.org,plan1,21,13,56.6,0,
295,2021-11-30T20:53:22Z,contract_paid,gcolquitt86@wp.com,plan4,30,52,95.2,0,
296,2022-03-24T23:12:04Z,contract_upgraded,tgrafham87@springer.com,plan4,13,20,50.9,0,
297,2022-01-25T22:09:10Z,contract_paid,ppierce88@vimeo.com,plan2,9,77,11.2,0,
298,2022-03-18T11:15:50Z,contract_paid,winns89@g.co,plan2,14,82,30.7,0,
299,2022-06-24T14:05:30Z,contract_canceled,lsailer8a@alexa.com,plan2,1,17,72.4,0,
300,2021-11-19T03:17:11Z,contract_paid,cpardew8b@topsy.com,plan1,23,38,90.0,0,
301,2021-12-27T02:31:46Z,contract_paid,sikins8c@tuttocitta.it,plan2,4,43,49.8,0,
302,2022-09-07T13:54:33Z,contract_paid,aleipelt8d@nyu.edu,plan3,4,70,75.3,0,
303,2022-01-19T17:45:48Z,contract_paid,crunsey8e@sphinn.com,plan1,21,95,51.3,0,
304,2022-02-05T22:45:37Z,contract_upgraded,bmingame8f@360.cn,plan1,16,3,71.3,0,
305,2022-06-10T19:37:25Z,contract_paid,epackwood8g@tripadvisor.com,plan3,27,52,16.5,0,
306,2022-07-08T12:37:13Z,contract_signed,bbiernacki8h@dailymotion.com,plan2,33,31,25.4,0,
307,2022-08-22T18:32:01Z,contract_paid,asharpling8i@tripod.com,plan3,31,24,31.0,0,
308,2022-08-10T02:54:58Z,contract_paid,sgoade8j@va.gov,plan2,9,73,46.3,0,
309,2022-03-15T18:26:30Z,contract_paid,callderidge8k@loc.gov,plan1,33,5,57.3,0,
310,2022-06-13T03:59:58Z,contract_paid,ivasovic8l@lycos.com,plan3,27,98,74.0,0,
311,2022-09-24T02:09:02Z,contract_paid,aslater8m@thetimes.co.uk,plan3,19,72,57.1,0,
312,2022-06-28T04:00:12Z,contract_paid,szmitrovich8n@unicef.org,plan4,9,43,31.3,0,
313,2022-08-14T19:44:36Z,contract_upgraded,bhoffman8o@upenn.edu,plan2,13,73,56.0,0,
314,2022-04-09T14:40:11Z,contract_signed,cedgell8p@mtv.com,plan2,26,37,97.7,0,
315,2021-12-06T09:19:28Z,contract_paid,gtosney8q@theglobeandmail.com,plan3,30,73,64.5,0,
316,2022-07-20T09:13:34Z,contract_downgraded,nstoyell8r@comcast.net,plan3,31,12,52.1,0,
317,2022-03-24T04:30:15Z,contract_paid,oricciardelli8s@infoseek.co.jp,plan1,24,37,68.8,0,
318,2022-09-18T10:00:02Z,contract_downgraded,ngreeno8t@nih.gov,plan3,26,91,83.1,0,
319,2022-03-24T21:27:59Z,contract_upgraded,mrutter8u@istockphoto.com,plan4,30,91,77.8,0,
320,2022-03-23T01:21:14Z,contract_paid,bothen8v@techcrunch.com,plan4,5,59,54.3,0,
321,2022-01-05T15:54:50Z,contract_paid,ccardno8w@psu.edu,plan2,12,37,56.5,0,
322,2022-04-18T08:10:46Z,contract_signed,zlefeaver8x@desdev.cn,plan2,5,51,64.6,0,
323,2021-10-17T05:13:16Z,contract_paid,cbridges8y@howstuffworks.com,plan2,7,82,85.9,0,
324,2022-07-29T08:46:53Z,contract_paid,csadler8z@washington.edu,plan1,18,4,51.0,0,
325,2022-02-01T14:15:12Z,contract_downgraded,twaye90@chron.com,plan4,6,21,29.2,0,
326,2022-02-17T09:04:05Z,contract_signed,ebindon91@biglobe.ne.jp,plan3,24,3,26.3,0,
327,2022-07-29T06:36:12Z,contract_downgraded,cscoines92@csmonitor.com,plan2,21,5,22.2,0,
328,2022-06-26T23:45:30Z,contract_downgraded,fvedenyapin93@apple.com,plan3,5,81,71.7,0,
329,2022-03-17T19:56:33Z,contract_signed,tblain94@dedecms.com,plan4,30,43,73.1,0,
330,2022-01-28T16:11:32Z,contract_paid,gmostyn95@amazon.co.uk,plan1,28,69,49.6,0,
331,2022-06-08T11:22:10Z,contract_paid,lchatelet96@rakuten.co.jp,plan4,9,23,87.3,0,
332,2022-07-27T11:13:40Z,contract_paid,bbiggam97@paypal.com,plan4,35,14,47.9,0,
333,2022-05-25T02:17:25Z,contract_paid,johanessian98@xing.com,plan1,16,27,11.5,0,
334,2022-05-24T21:42:13Z,contract_paid,gtreece99@issuu.com,plan4,34,34,18.8,0,
335,2022-03-07T15:59:41Z,contract_canceled,soxshott9a@nbcnews.com,plan1,27,44,67.6,0,
336,2021-10-26T23:25:34Z,contract_signed,acowlas9b@linkedin.com,plan2,14,100,42.5,0,
337,2022-04-16T12:34:25Z,contract_paid,mtezure9c@multiply.com,plan1,30,79,48.0,0,
338,2022-07-26T00:14:52Z,contract_canceled,jdiego9d@goo.ne.jp,plan4,12,78,98.8,0,
339,2022-06-16T21:50:53Z,contract_paid,akleanthous9e@apple.com,plan3,20,68,25.7,0,
340,2022-09-16T03:35:15Z,contract_downgraded,eleppingwell9f@prnewswire.com,plan4,24,84,14.7,0,
341,2022-02-05T14:28:08Z,contract_canceled,vmcgougan9g@wired.com,plan3,29,65,70.9,0,
342,2022-05-30T19:02:39Z,contract_paid,rbraycotton9h@nyu.edu,plan2,24,66,13.2,0,
343,2022-03-04T04:43:47Z,contract_paid,jmethingam9i@imageshack.us,plan4,20,55,46.4,0,
344,2022-01-13T01:34:27Z,contract_downgraded,ashorthouse9j@webnode.com,plan2,30,79,57.3,0,
345,2022-06-24T10:36:57Z,contract_paid,bmaybury9k@yandex.ru,plan2,22,84,95.1,0,
346,2022-05-08T15:07:03Z,contract_paid,sfrantzeni9l@intel.com,plan1,34,67,51.7,0,
347,2022-09-10T19:34:51Z,contract_paid,bhadwin9m@auda.org.au,plan1,31,41,30.9,0,
348,2022-05-11T13:57:13Z,contract_upgraded,ctomankowski9n@biglobe.ne.jp,plan1,16,32,47.2,0,
349,2021-10-24T02:13:31Z,contract_paid,gsarjent9o@cam.ac.uk,plan1,16,100,45.5,0,
350,2021-12-11T17:42:01Z,contract_signed,eelloway9p@cargocollective.com,plan3,21,6,81.9,0,
351,2022-04-28T03:59:12Z,contract_paid,wlardier9q@123-reg.co.uk,plan4,29,88,30.8,0,
352,2021-12-28T20:15:29Z,contract_paid,cguilliatt9r@vinaora.com,plan3,3,69,99.0,0,
353,2022-01-16T09:15:49Z,contract_signed,ydoy9s@blogtalkradio.com,plan4,5,74,13.3,0,
354,2022-02-06T22:18:57Z,contract_paid,dlingner9t@gizmodo.com,plan4,11,31,31.7,0,
355,2022-01-27T21:18:28Z,contract_paid,chotchkin9u@unesco.org,plan3,32,91,42.9,0,
356,2021-12-20T19:10:40Z,contract_signed,rtuffell9v@nationalgeographic.com,plan1,26,39,28.4,0,
357,2022-06-12T22:51:44Z,contract_upgraded,jhentzeler9w@nydailynews.com,plan2,5,100,42.7,0,
358,2022-05-14T08:47:36Z,contract_paid,dscohier9x@people.com.cn,plan4,15,40,89.5,0,
359,2021-11-18T20:51:01Z,contract_paid,ddumphy9y@dagondesign.com,plan2,31,39,16.7,0,
360,2022-03-31T22:30:34Z,contract_paid,mdipietro9z@soup.io,plan3,4,45,40.2,0,
361,2021-10-27T14:49:01Z,contract_paid,tgramera0@vistaprint.com,plan3,26,44,30.1,0,
362,2022-05-11T03:10:24Z,contract_paid,okeytea1@ucoz.com,plan1,5,59,66.9,0,
363,2022-10-05T23:25:50Z,contract_paid,cvenediktova2@topsy.com,plan4,28,69,91.7,0,
364,2022-03-02T02:57:25Z,contract_upgraded,mkeningleya3@ft.com,plan4,17,81,23.4,0,
365,2022-09-06T00:57:24Z,contract_upgraded,cshonea4@illinois.edu,plan3,14,67,16.0,0,
366,2022-01-11T10:05:34Z,contract_paid,gcokelya5@skype.com,plan1,4,79,47.6,0,
367,2021-10-19T23:54:09Z,contract_paid,ablowa6@howstuffworks.com,plan3,29,8,93.5,0,
368,2022-02-26T19:32:03Z,contract_paid,cmeekea7@slideshare.net,plan2,17,89,90.3,0,
369,2022-05-01T16:52:14Z,contract_paid,kpinnockea8@qq.com,plan3,31,65,89.0,0,
370,2022-03-04T05:43:12Z,contract_paid,wcopina9@salon.com,plan1,28,26,81.4,0,
371,2022-03-14T01:05:16Z,contract_upgraded,kwindrumaa@nymag.com,plan4,12,50,14.8,0,
372,2022-05-22T00:34:15Z,contract_paid,sheffordab@mit.edu,plan2,15,76,15.3,0,
373,2022-09-20T18:01:44Z,contract_downgraded,mwestoffac@com.com,plan3,19,97,91.4,0,
374,2022-07-18T15:52:52Z,contract_paid,dgiovanettiad@miibeian.gov.cn,plan2,12,85,17.6,0,
375,2022-06-10T15:41:00Z,contract_paid,gbernholtae@comsenz.com,plan2,24,6,12.9,0,
376,2021-12-05T20:00:00Z,contract_paid,wpendlingtonaf@guardian.co.uk,plan2,20,22,66.7,0,
377,2022-06-22T13:55:02Z,contract_paid,vroyleag@barnesandnoble.com,plan1,16,95,88.2,0,
378,2022-03-20T18:14:23Z,contract_downgraded,jocurranah@webeden.co.uk,plan2,30,2,49.2,0,
379,2022-07-14T11:51:56Z,contract_signed,wrosgenai@cisco.com,plan4,13,13,96.5,0,
380,2022-04-21T22:27:45Z,contract_upgraded,eegleofgermanyaj@51.la,plan2,3,92,72.6,0,
381,2022-02-14T23:03:51Z,contract_paid,rsnalumak@nymag.com,plan3,25,51,49.1,0,
382,2022-06-26T11:28:38Z,contract_paid,tlawrenzal@psu.edu,plan3,5,84,99.4,0,
383,2022-02-01T07:23:55Z,contract_upgraded,sgrassettam@stumbleupon.com,plan1,17,7,32.2,0,
384,2021-11-01T10:48:38Z,contract_paid,hofeenyan@telegraph.co.uk,plan3,8,72,46.6,0,
385,2022-04-20T13:16:26Z,contract_paid,abernardeschiao@multiply.com,plan1,36,88,58.2,0,
386,2022-01-07T12:50:54Z,contract_paid,eramstedap@flavors.me,plan4,22,79,56.0,0,
387,2022-03-25T09:48:07Z,contract_downgraded,jstandonaq@shareasale.com,plan1,32,40,14.5,0,
388,2021-12-22T04:36:33Z,contract_paid,poffilerar@latimes.com,plan1,4,51,19.2,0,
389,2022-08-17T02:57:59Z,contract_signed,joscroftas@github.com,plan1,12,76,20.5,0,
390,2021-12-24T12:28:14Z,contract_downgraded,egrayshanat@ihg.com,plan1,7,61,77.6,0,
391,2022-07-25T01:24:56Z,contract_paid,jkirdschau@oaic.gov.au,plan2,33,49,26.6,0,
392,2022-02-19T20:51:17Z,contract_paid,gfullagerav@lulu.com,plan2,4,20,57.0,0,
393,2022-08-21T13:40:25Z,contract_paid,jmckeveneyaw@scientificamerican.com,plan1,28,5,92.3,0,
394,2022-07-19T14:39:02Z,contract_canceled,omanvellax@bandcamp.com,plan2,35,85,16.4,0,
395,2021-12-08T03:17:52Z,contract_paid,bmiddleweekay@wikia.com,plan2,10,31,67.2,0,
396,2022-01-16T02:05:16Z,contract_paid,bdentyaz@nhs.uk,plan3,5,24,87.8,0,
397,2022-09-20T20:27:09Z,contract_paid,amackeeverb0@bing.com,plan4,31,91,57.5,0,
398,2021-12-01T04:04:12Z,contract_signed,rbartoszewiczb1@lycos.com,plan1,29,27,19.9,0,
399,2022-06-15T07:33:05Z,contract_paid,bpineb2@census.gov,plan2,2,2,74.1,0,
400,2022-05-21T03:34:20Z,contract_paid,ameadb3@shutterfly.com,plan4,8,100,82.2,0,
401,2022-10-02T23:53:37Z,contract_paid,edonaldsonb4@ning.com,plan4,23,35,94.2,0,
402,2022-01-28T10:10:51Z,contract_paid,kgarthb5@latimes.com,plan4,14,12,47.2,0,
403,2022-10-02T22:01:53Z,contract_paid,ccowenb6@apple.com,plan1,9,88,82.4,0,
404,2022-08-10T10:05:02Z,contract_paid,dunsteadb7@vinaora.com,plan2,18,52,14.6,0,
405,2022-06-30T03:27:33Z,contract_paid,gfareyb8@china.com.cn,plan4,14,14,28.4,0,
406,2022-09-21T16:18:16Z,contract_paid,jlevingsb9@guardian.co.uk,plan2,20,89,21.8,0,
407,2022-06-04T19:23:08Z,contract_paid,otompsettba@accuweather.com,plan4,22,16,37.4,0,
408,2021-11-22T20:45:17Z,contract_paid,kdobsonbb@columbia.edu,plan1,21,2,57.8,0,
409,2022-08-16T19:50:45Z,contract_signed,kbroschkebc@jalbum.net,plan2,18,87,67.9,0,
410,2021-10-27T10:54:52Z,contract_paid,atrimbybd@squarespace.com,plan2,11,32,28.5,0,
411,2022-08-19T03:06:10Z,contract_paid,twhittekbe@accuweather.com,plan3,35,92,92.4,0,
412,2022-03-05T06:11:19Z,contract_signed,dwarlockbf@marriott.com,plan2,15,33,36.8,0,
413,2022-03-19T10:33:57Z,contract_paid,enewbattbg@answers.com,plan1,17,71,12.5,0,
414,2022-05-03T19:28:31Z,contract_downgraded,cnotleybh@cargocollective.com,plan3,32,64,77.6,0,
415,2022-10-07T21:33:05Z,contract_signed,smushartbi@opera.com,plan2,24,63,57.4,0,2022-09-20T13:41:45Z
416,2022-03-10T10:37:47Z,contract_signed,cfowliebj@nytimes.com,plan2,4,78,79.3,0,
417,2022-02-13T14:00:57Z,contract_signed,lrivlinbk@delicious.com,plan4,9,78,50.6,0,
418,2022-08-22T20:04:04Z,contract_upgraded,rblairbl@ebay.co.uk,plan1,32,32,17.1,0,
419,2022-05-31T01:57:07Z,contract_paid,kcraigmylebm@indiatimes.com,plan4,10,25,72.0,0,
420,2022-03-29T18:18:39Z,contract_canceled,mdulintybn@unicef.org,plan1,32,79,43.1,0,
421,2022-02-25T05:10:32Z,contract_signed,fburbridgebo@fotki.com,plan3,10,75,34.3,0,
422,2022-06-20T06:24:08Z,contract_paid,vpiccardbp@dion.ne.jp,plan4,21,37,69.6,0,
423,2022-05-03T12:34:36Z,contract_paid,dmcnevinbq@spotify.com,plan4,29,36,63.5,0,
424,2022-03-14T20:22:25Z,contract_downgraded,xduckersbr@un.org,plan4,26,83,12.3,0,
425,2021-10-16T12:09:33Z,contract_paid,ckembs@php.net,plan4,31,50,87.6,0,
426,2021-11-23T10:42:39Z,contract_paid,dschlaghbt@rambler.ru,plan3,14,96,92.2,0,
427,2022-01-14T17:39:31Z,contract_paid,dmardybu@scientificamerican.com,plan4,18,15,56.2,0,
428,2022-01-18T22:42:33Z,contract_paid,crubinlichtbv@google.ru,plan2,26,11,48.7,0,
429,2022-06-24T04:57:23Z,contract_paid,jairthbw@pen.io,plan3,26,43,58.6,0,
430,2021-12-29T18:38:25Z,contract_paid,gkitchenmanbx@angelfire.com,plan3,10,17,63.1,0,
431,2021-12-27T17:41:00Z,contract_paid,bbonhomeby@ucoz.com,plan2,14,13,11.6,0,
432,2022-06-08T13:24:20Z,contract_paid,jlittlecotebz@opensource.org,plan2,10,83,10.9,0,
433,2022-03-28T10:24:35Z,contract_signed,ctreleasec0@ustream.tv,plan3,20,52,49.9,0,
434,2021-12-08T17:41:39Z,contract_signed,cfranyc1@flavors.me,plan2,9,33,65.3,0,
435,2022-08-03T07:45:40Z,contract_paid,bgierekc2@etsy.com,plan2,17,35,39.3,0,
436,2022-01-31T03:26:50Z,contract_paid,cscreenc3@blogtalkradio.com,plan1,25,67,73.7,0,
437,2022-06-24T04:04:05Z,contract_signed,sthuillierc4@scientificamerican.com,plan1,31,47,83.4,0,
438,2022-05-28T08:57:05Z,contract_paid,nbernasekc5@apple.com,plan3,7,95,19.1,0,
439,2022-09-06T17:41:56Z,contract_paid,vmatignonc6@mapquest.com,plan3,16,51,65.9,0,
440,2021-12-01T12:11:04Z,contract_signed,scoskerryc7@pcworld.com,plan3,29,34,68.6,0,
441,2022-04-24T16:10:26Z,contract_paid,ffraynec8@virginia.edu,plan2,6,89,12.8,0,
442,2021-11-02T05:52:16Z,contract_canceled,tfortescuec9@technorati.com,plan2,1,38,19.9,0,
443,2021-12-07T08:49:03Z,contract_paid,csivyourca@instagram.com,plan4,20,16,64.5,0,
444,2022-05-02T05:53:58Z,contract_paid,noshevlancb@springer.com,plan2,17,48,18.0,0,
445,2022-10-03T21:02:35Z,contract_canceled,acoullingcc@odnoklassniki.ru,plan3,15,1,40.4,0,
446,2022-03-04T07:45:37Z,contract_paid,tkiledalcd@freewebs.com,plan1,6,90,66.0,0,
447,2021-11-11T11:24:14Z,contract_downgraded,aellicockce@forbes.com,plan3,30,5,82.6,0,
448,2022-04-15T10:59:10Z,contract_paid,choughtcf@cornell.edu,plan1,24,23,49.4,0,
449,2021-11-17T10:50:22Z,contract_paid,etierycg@cornell.edu,plan1,16,97,87.5,0,
450,2022-04-01T21:44:56Z,contract_paid,cantonioch@vinaora.com,plan2,28,37,41.7,0,
451,2022-05-22T22:43:21Z,contract_paid,hkrauzeci@ebay.co.uk,plan1,30,64,52.3,0,
452,2022-02-12T18:35:28Z,contract_paid,mgouthiercj@thetimes.co.uk,plan4,32,63,95.4,0,
453,2021-10-11T16:02:53Z,contract_downgraded,kbanhamck@canalblog.com,plan3,28,50,51.1,0,
454,2022-03-21T12:52:15Z,contract_paid,dfilinkovcl@facebook.com,plan3,9,94,36.6,0,
455,2022-06-13T06:01:14Z,contract_paid,gitskovitzcm@ustream.tv,plan1,17,60,32.2,0,
456,2022-08-15T13:54:27Z,contract_paid,dblagbroughcn@google.nl,plan3,8,3,16.3,0,
457,2022-05-09T03:25:45Z,contract_paid,blewryco@sitemeter.com,plan2,25,15,22.7,0,
458,2022-03-11T13:22:08Z,contract_paid,hlislecp@virginia.edu,plan4,25,31,22.6,0,
459,2022-08-16T07:21:40Z,contract_signed,gpolsincq@elpais.com,plan1,16,15,19.7,0,
460,2021-10-22T20:18:09Z,contract_downgraded,lmyerscr@vistaprint.com,plan3,25,88,69.2,0,
461,2021-11-22T06:19:47Z,contract_paid,cwhatescs@japanpost.jp,plan1,27,91,92.8,0,
462,2022-08-19T12:52:54Z,contract_paid,fhoveyct@vinaora.com,plan1,11,82,12.5,0,
463,2021-10-17T07:56:26Z,contract_paid,rtwinberrowcu@ocn.ne.jp,plan1,20,49,41.7,0,
464,2022-09-10T21:15:25Z,contract_paid,straylingcv@mit.edu,plan3,2,9,47.1,0,
465,2022-03-11T23:40:54Z,contract_paid,vgaythercw@patch.com,plan1,27,2,43.3,0,
466,2021-10-19T08:42:29Z,contract_paid,mgadiecx@go.com,plan2,4,94,68.3,0,
467,2022-05-13T22:20:32Z,contract_paid,fwinleycy@kickstarter.com,plan3,1,81,67.6,0,
468,2022-07-07T02:12:16Z,contract_paid,cbaskervillecz@ezinearticles.com,plan3,25,22,55.1,0,
469,2022-05-17T06:37:20Z,contract_paid,lbamboroughd0@mashable.com,plan3,9,45,95.6,0,
470,2022-05-14T12:50:47Z,contract_paid,scozzid1@gov.uk,plan1,34,98,87.2,0,
471,2022-05-03T01:09:51Z,contract_paid,ffalconard2@google.com.br,plan1,11,79,97.2,0,
472,2022-08-04T10:12:30Z,contract_downgraded,knorsworthyd3@mozilla.com,plan1,15,84,10.7,0,
473,2022-02-03T13:02:22Z,contract_upgraded,vstaried4@cnet.com,plan4,27,47,97.1,0,
474,2022-07-11T08:11:00Z,contract_signed,ewilloughwayd5@blog.com,plan3,20,18,73.0,0,
475,2022-09-30T02:03:56Z,contract_paid,hferreresd6@cbc.ca,plan2,1,14,53.0,0,
476,2021-11-01T07:23:33Z,contract_signed,gskynnerd7@shinystat.com,plan4,34,16,58.7,0,
477,2021-12-20T10:09:38Z,contract_paid,bklassd8@yellowpages.com,plan3,31,56,22.1,0,
478,2021-11-10T22:35:41Z,contract_downgraded,lmeatond9@google.ru,plan3,21,28,45.9,0,
479,2022-08-24T17:21:34Z,contract_paid,jadamoviczda@goodreads.com,plan3,13,100,55.4,0,
480,2021-10-09T05:21:25Z,contract_paid,barnfielddb@163.com,plan2,17,51,99.7,0,
481,2022-08-14T16:59:08Z,contract_signed,rcolbourndc@myspace.com,plan3,24,15,66.3,0,
482,2022-03-04T14:34:59Z,contract_paid,cwortmandd@meetup.com,plan1,3,44,88.9,0,
483,2022-03-30T19:16:36Z,contract_signed,kthorburnde@geocities.jp,plan2,4,49,79.2,0,
484,2022-02-17T02:08:19Z,contract_paid,yogriffindf@hc360.com,plan4,20,45,85.3,0,
485,2022-03-16T18:31:42Z,contract_paid,jarendtdg@bandcamp.com,plan2,10,7,77.8,0,
486,2022-06-12T14:08:43Z,contract_signed,kcowelldh@alexa.com,plan2,2,51,34.6,0,
487,2021-12-14T13:43:17Z,contract_signed,twanedi@canalblog.com,plan2,12,76,98.8,0,
488,2021-11-27T06:23:04Z,contract_signed,ksimisterdj@de.vu,plan2,32,37,57.3,0,
489,2022-01-24T10:52:11Z,contract_paid,citschakovdk@cmu.edu,plan4,9,100,24.0,0,
490,2022-02-11T20:30:53Z,contract_downgraded,cthompsettdl@army.mil,plan4,36,37,18.2,0,
491,2022-02-02T17:43:05Z,contract_signed,pcusackdm@huffingtonpost.com,plan3,26,78,90.1,0,
492,2022-07-31T10:29:42Z,contract_canceled,hshipdn@histats.com,plan4,18,95,74.6,0,
493,2022-05-12T10:12:48Z,contract_paid,abarlasdo@virginia.edu,plan3,11,86,22.6,0,
494,2022-08-16T19:42:50Z,contract_paid,hroggerdp@reddit.com,plan4,13,13,34.3,0,
495,2022-02-05T13:19:10Z,contract_paid,afawssettdq@4shared.com,plan1,9,87,12.9,0,
496,2021-11-12T21:50:33Z,contract_paid,smcgaugeydr@rakuten.co.jp,plan1,12,3,39.5,0,
497,2022-09-21T10:29:21Z,contract_paid,ctyersds@flickr.com,plan3,20,7,21.2,0,
498,2022-06-16T00:42:53Z,contract_downgraded,reyckeldt@foxnews.com,plan1,3,91,89.0,0,
499,2022-03-01T15:01:07Z,contract_upgraded,kcaledu@usgs.gov,plan1,12,71,89.1,0,
500,2022-04-17T23:09:27Z,contract_paid,lmuffdv@moonfruit.com,plan3,35,98,92.4,0,
501,2021-12-28T14:23:49Z,contract_downgraded,besmonddw@forbes.com,plan1,9,91,19.7,0,
502,2022-01-26T14:25:18Z,contract_paid,jsutherandx@archive.org,plan4,13,88,27.8,0,
503,2022-01-20T12:56:07Z,contract_paid,grohmerdy@cbc.ca,plan1,13,48,82.1,0,
504,2022-04-17T23:58:56Z,contract_downgraded,idesesquelledz@devhub.com,plan3,35,25,61.1,0,
505,2022-02-16T22:45:02Z,contract_signed,tmaclaughline0@oakley.com,plan2,7,74,72.2,0,
506,2022-03-27T17:51:20Z,contract_downgraded,oslyvestere1@goo.ne.jp,plan4,3,78,35.6,0,
507,2022-08-15T03:20:31Z,contract_downgraded,aholleye2@ocn.ne.jp,plan1,28,54,79.5,0,
508,2021-12-15T20:03:55Z,contract_paid,gmattedie3@adobe.com,plan3,30,90,55.0,0,
509,2021-11-24T05:04:53Z,contract_paid,cbehneckee4@harvard.edu,plan4,31,59,37.4,0,
510,2021-11-19T00:56:51Z,contract_upgraded,hvickerye5@ucoz.com,plan2,33,82,78.4,0,
511,2022-03-26T12:15:36Z,contract_signed,lcoopeye6@slate.com,plan1,12,8,15.6,0,2021-10-26T03:07:58Z
512,2022-07-14T03:24:43Z,contract_paid,wvanderspohre7@oracle.com,plan3,29,78,88.2,0,
513,2021-12-06T01:19:57Z,contract_paid,sbernaseke8@foxnews.com,plan3,29,12,20.6,0,
514,2022-01-13T11:30:08Z,contract_signed,lamisse9@java.com,plan2,19,55,45.8,0,2021-11-16T05:53:22Z
515,2022-02-16T13:35:19Z,contract_paid,blotheringtonea@theglobeandmail.com,plan3,15,94,74.4,0,
516,2022-09-20T13:18:28Z,contract_paid,lbrezlaweb@elpais.com,plan2,32,39,79.4,0,
517,2022-07-03T07:45:29Z,contract_paid,vtowllec@newyorker.com,plan3,18,70,37.8,0,
518,2022-08-17T19:53:06Z,contract_paid,jdidballed@intel.com,plan1,29,40,69.2,0,
519,2022-02-26T23:16:35Z,contract_signed,bmchaleee@oakley.com,plan4,18,6,35.8,0,
520,2022-03-28T12:29:51Z,contract_signed,cguileef@addthis.com,plan4,26,70,70.7,0,
521,2022-03-26T19:03:52Z,contract_paid,melseyeg@mashable.com,plan4,34,98,95.6,0,
522,2022-08-07T20:31:03Z,contract_signed,tdeminicoeh@ucoz.com,plan4,33,30,60.9,0,
523,2022-01-12T14:50:39Z,contract_paid,ksamuelei@pinterest.com,plan2,29,1,77.4,0,
524,2022-04-15T04:50:47Z,contract_signed,kpluesej@liveinternet.ru,plan4,18,49,63.9,0,
525,2022-07-16T07:10:18Z,contract_paid,amillwardek@moonfruit.com,plan3,1,13,56.5,0,
526,2021-10-16T15:03:24Z,contract_paid,gyandleel@sourceforge.net,plan3,1,74,68.4,0,
527,2022-01-15T06:04:20Z,contract_signed,cperulliem@cbc.ca,plan4,11,79,37.8,0,
528,2022-08-18T04:54:33Z,contract_paid,gstovesen@cornell.edu,plan4,16,58,21.5,0,
529,2022-08-20T01:50:45Z,contract_downgraded,lvandenveldeeo@vimeo.com,plan4,17,98,11.4,0,
530,2022-01-30T05:31:17Z,contract_paid,arogerep@topsy.com,plan1,31,35,54.9,0,
531,2022-08-24T20:18:26Z,contract_signed,celloyeq@delicious.com,plan2,13,36,53.5,0,
532,2022-05-19T14:06:16Z,contract_paid,oaddicotter@walmart.com,plan2,19,39,65.8,0,
533,2022-02-18T20:21:49Z,contract_downgraded,bdudgeones@prweb.com,plan3,29,42,39.5,0,
534,2022-09-28T02:48:05Z,contract_paid,klorrimanet@wordpress.com,plan2,3,86,74.4,0,
535,2021-10-08T04:10:00Z,contract_paid,awrotchfordeu@wiley.com,plan4,14,39,26.6,0,
536,2022-06-08T12:40:11Z,contract_paid,kpontonev@amazon.co.uk,plan2,21,41,94.3,0,
537,2022-03-26T07:28:59Z,contract_paid,dgrebbinew@flavors.me,plan2,7,73,22.6,0,
538,2022-08-03T00:43:55Z,contract_paid,cmittonex@storify.com,plan2,5,50,50.6,0,
539,2021-11-24T06:58:00Z,contract_paid,hbruckerey@squarespace.com,plan3,6,32,61.9,0,
540,2021-12-13T18:43:36Z,contract_paid,llabrumez@reverbnation.com,plan1,12,8,78.2,0,
541,2022-04-11T21:37:58Z,contract_signed,tadairf0@geocities.com,plan2,15,41,46.1,0,
542,2022-10-06T02:50:51Z,contract_paid,bellerbyf1@chicagotribune.com,plan4,27,99,86.4,0,
543,2021-11-04T09:33:50Z,contract_downgraded,wduckfieldf2@github.io,plan3,4,5,72.2,0,
544,2022-03-29T18:08:29Z,contract_paid,tleidenf3@ebay.com,plan3,31,97,32.2,0,
545,2021-12-22T01:04:43Z,contract_upgraded,tholmef4@over-blog.com,plan3,31,20,34.4,0,
546,2022-07-30T07:02:22Z,contract_paid,spedrollof5@clickbank.net,plan4,35,59,32.8,0,
547,2022-09-21T05:04:56Z,contract_paid,pebournef6@stanford.edu,plan1,27,54,11.1,0,
548,2021-11-30T10:32:20Z,contract_paid,bdreherf7@mail.ru,plan1,11,99,72.4,0,
549,2022-03-20T14:36:51Z,contract_canceled,ikinetonf8@marketwatch.com,plan3,5,6,65.0,0,
550,2022-05-23T06:17:47Z,contract_downgraded,amckyrrellyf9@google.nl,plan1,13,87,93.1,0,2022-06-10T21:55:30Z
551,2022-01-30T07:35:06Z,contract_paid,oemsonfa@i2i.jp,plan3,11,51,16.1,0,
552,2022-08-27T15:02:25Z,contract_paid,btreasurefb@tinyurl.com,plan3,8,74,15.2,0,
553,2022-09-13T14:07:15Z,contract_paid,acamillerifc@ycombinator.com,plan3,31,15,83.2,0,
554,2022-07-26T16:16:26Z,contract_upgraded,hfriselfd@amazon.co.uk,plan1,8,57,55.3,0,
555,2022-08-28T09:35:20Z,contract_paid,jburlingamefe@trellian.com,plan1,5,65,36.9,0,
556,2022-03-23T20:33:04Z,contract_downgraded,bbynethff@weebly.com,plan1,34,43,54.7,0,
557,2022-01-16T15:34:29Z,contract_canceled,rfennellfg@topsy.com,plan2,26,81,67.4,0,
558,2022-04-09T01:47:24Z,contract_paid,sbelitzfh@4shared.com,plan2,6,3,54.9,0,
559,2022-05-29T18:10:31Z,contract_paid,aruggierfi@addthis.com,plan1,3,1,79.5,0,
560,2022-02-22T05:50:01Z,contract_signed,jferrieroifj@umich.edu,plan3,20,24,89.4,0,
561,2022-06-29T07:43:34Z,contract_paid,mhartrightfk@hatena.ne.jp,plan1,29,2,14.7,0,
562,2021-12-18T14:08:27Z,contract_paid,eabbadofl@biglobe.ne.jp,plan4,8,54,37.8,0,
563,2022-05-03T12:10:54Z,contract_paid,dcorradofm@ibm.com,plan3,12,71,25.3,0,
564,2021-11-08T09:07:50Z,contract_upgraded,hdisleyfn@pagesperso-orange.fr,plan3,5,100,26.8,0,
565,2021-12-29T11:55:34Z,contract_paid,lroskeillyfo@ebay.com,plan2,15,79,52.4,0,
566,2022-02-20T11:53:46Z,contract_paid,yboltefp@ning.com,plan4,25,35,76.2,0,
567,2022-02-11T11:07:01Z,contract_downgraded,ydurninfq@slideshare.net,plan1,24,83,89.2,0,
568,2022-09-03T19:36:18Z,contract_paid,cclinkardfr@wired.com,plan1,18,70,15.8,0,
569,2022-05-07T08:15:46Z,contract_upgraded,kgherardellifs@google.fr,plan1,13,68,99.8,0,
570,2022-02-06T22:49:44Z,contract_signed,dwhytemanft@jalbum.net,plan3,17,41,54.7,0,
571,2022-02-11T07:32:47Z,contract_paid,kpatchingfu@pbs.org,plan2,28,70,39.0,0,
572,2022-01-21T17:59:21Z,contract_downgraded,acornhillfv@narod.ru,plan2,26,71,33.0,0,
573,2022-03-08T22:06:16Z,contract_paid,avaneevfw@livejournal.com,plan3,13,63,25.6,0,
574,2022-06-01T02:23:01Z,contract_paid,krodrigofx@dyndns.org,plan2,3,34,80.1,0,
575,2022-06-25T02:22:56Z,contract_upgraded,apinnionfy@storify.com,plan1,14,67,53.5,0,
576,2022-07-30T14:43:34Z,contract_paid,bmarvelfz@theatlantic.com,plan3,32,61,73.4,0,
577,2022-09-08T12:50:10Z,contract_upgraded,kmanningg0@infoseek.co.jp,plan4,12,51,15.4,0,
578,2021-12-01T11:52:26Z,contract_paid,fgaigerg1@go.com,plan4,10,96,38.0,0,
579,2021-10-13T04:31:52Z,contract_paid,bwhitwamg2@japanpost.jp,plan3,16,91,41.5,0,
580,2022-08-31T00:50:31Z,contract_paid,jburvillg3@rediff.com,plan3,22,50,68.9,0,
581,2022-05-04T15:28:15Z,contract_signed,tlegroveg4@bing.com,plan3,21,59,19.1,0,
582,2022-01-25T05:26:45Z,contract_paid,kmcmenaming5@simplemachines.org,plan4,27,91,86.4,0,
583,2022-07-10T05:48:44Z,contract_signed,shancorng6@tinyurl.com,plan2,21,1,52.9,0,
584,2021-12-04T14:02:43Z,contract_paid,kjarnellg7@chicagotribune.com,plan4,34,47,12.9,0,
585,2022-02-28T20:40:14Z,contract_paid,esandarsg8@microsoft.com,plan4,3,32,30.1,0,
586,2022-07-10T12:23:39Z,contract_signed,aschiefersteing9@hugedomains.com,plan1,23,39,54.9,0,
587,2022-01-01T19:52:11Z,contract_upgraded,dtrubshawga@kickstarter.com,plan4,15,16,68.6,0,
588,2022-03-09T01:08:36Z,contract_signed,ldevignegb@xing.com,plan4,27,30,95.2,0,
589,2022-05-21T00:53:13Z,contract_paid,jodalygc@wikimedia.org,plan3,12,76,74.9,0,
590,2022-07-26T05:32:40Z,contract_paid,msouthcottgd@lulu.com,plan2,24,50,34.3,0,
591,2022-03-14T23:01:57Z,contract_paid,lgidleyge@goo.ne.jp,plan3,32,70,37.0,0,
592,2022-06-24T03:01:11Z,contract_paid,vgoddmangf@mysql.com,plan3,9,26,42.9,0,
593,2022-07-02T10:26:55Z,contract_paid,kdiamantgg@vistaprint.com,plan3,29,26,80.2,0,
594,2022-01-24T17:15:24Z,contract_paid,tfransesgh@about.com,plan4,17,84,64.2,0,
595,2022-02-25T16:41:01Z,contract_paid,tbentamegi@1688.com,plan4,8,100,59.1,0,
596,2022-08-15T23:43:58Z,contract_downgraded,cplascottgj@google.de,plan2,28,51,75.8,0,
597,2021-12-12T05:29:34Z,contract_paid,jhaisellgk@google.pl,plan3,8,39,53.2,0,
598,2022-09-21T03:03:44Z,contract_paid,sewebankgl@g.co,plan2,18,36,75.1,0,
599,2021-11-08T18:27:10Z,contract_upgraded,arohmergm@wikispaces.com,plan1,27,95,69.2,0,
600,2022-04-02T18:34:13Z,contract_paid,mmcgavingn@wix.com,plan1,18,23,78.2,0,
601,2022-07-18T20:04:06Z,contract_paid,ccorradettigo@thetimes.co.uk,plan1,12,2,42.0,0,
602,2022-08-19T11:36:39Z,contract_paid,ltennetgp@github.io,plan1,6,37,48.7,0,
603,2022-05-06T05:47:29Z,contract_signed,pscholfieldgq@npr.org,plan2,9,36,58.8,0,
604,2022-05-20T23:20:29Z,contract_paid,lbrightwellgr@trellian.com,plan2,8,16,26.4,0,
605,2022-09-07T15:19:28Z,contract_downgraded,ifeehelygs@devhub.com,plan3,20,56,32.7,0,
606,2022-05-16T00:38:52Z,contract_paid,pmacwilliamgt@shop-pro.jp,plan4,12,75,77.5,0,
607,2022-02-12T13:43:20Z,contract_paid,tibbettgu@shop-pro.jp,plan1,16,78,12.4,0,
608,2022-09-25T15:12:39Z,contract_upgraded,nkaemenagv@wikimedia.org,plan3,20,3,14.5,0,
609,2022-07-17T17:28:17Z,contract_paid,ldavydzenkogw@xinhuanet.com,plan2,30,92,92.0,0,
610,2022-02-04T23:52:33Z,contract_signed,cogusgx@dagondesign.com,plan3,9,36,18.6,0,
611,2022-04-02T15:05:58Z,contract_signed,rcromblehomegy@yandex.ru,plan2,16,33,68.9,0,
612,2021-10-11T21:36:47Z,contract_paid,scowlasgz@jugem.jp,plan4,20,90,16.8,0,
613,2021-11-20T08:49:30Z,contract_paid,ejakoubech0@barnesandnoble.com,plan3,30,73,77.1,0,
614,2022-05-31T19:57:07Z,contract_downgraded,msanpereh1@hugedomains.com,plan2,12,93,82.2,0,
615,2022-07-23T17:49:14Z,contract_signed,jtredgerh2@w3.org,plan2,10,79,65.1,0,
616,2022-04-26T00:26:44Z,contract_downgraded,rebbutth3@multiply.com,plan1,9,63,65.3,0,
617,2022-04-23T00:28:37Z,contract_paid,glorandh4@ihg.com,plan3,36,28,42.6,0,
618,2022-10-04T19:37:20Z,contract_paid,bszepeh5@dailymail.co.uk,plan3,35,83,17.1,0,
619,2022-03-09T03:02:27Z,contract_paid,gdunckleyh6@wikimedia.org,plan3,10,74,91.8,0,
620,2022-03-09T09:29:27Z,contract_paid,gwelchh7@acquirethisname.com,plan2,23,97,37.5,0,
621,2022-03-18T23:50:28Z,contract_upgraded,apowlingh8@adobe.com,plan4,26,38,38.8,0,
622,2022-06-13T13:18:35Z,contract_paid,kantonoyevh9@ycombinator.com,plan2,31,15,34.7,0,
623,2022-09-29T12:22:18Z,contract_paid,cflemmingha@about.me,plan2,23,14,83.2,0,
624,2022-01-04T13:13:22Z,contract_paid,mgrigoryovhb@tripadvisor.com,plan1,6,66,89.6,0,
625,2022-03-04T19:47:13Z,contract_downgraded,omaberhc@chron.com,plan1,16,80,15.7,0,
626,2022-08-26T00:34:28Z,contract_upgraded,mpymmhd@blog.com,plan3,31,30,53.3,0,
627,2022-04-16T02:48:01Z,contract_signed,qcrowcombehe@addtoany.com,plan4,6,60,82.9,0,
628,2022-01-01T20:14:32Z,contract_signed,dmacpakehf@rediff.com,plan3,34,59,36.6,0,
629,2022-01-28T03:03:28Z,contract_upgraded,slentehg@odnoklassniki.ru,plan2,2,17,96.2,0,
630,2021-10-15T02:00:51Z,contract_paid,agartonhh@cocolog-nifty.com,plan1,18,74,94.4,0,
631,2022-05-06T17:17:43Z,contract_paid,meydelhi@mit.edu,plan3,6,73,47.8,0,
632,2022-02-09T02:26:00Z,contract_downgraded,gpoutresshj@constantcontact.com,plan2,9,79,37.4,0,
633,2022-08-04T12:25:40Z,contract_paid,brendallhk@gmpg.org,plan4,18,11,26.8,0,
634,2022-07-23T01:45:32Z,contract_paid,bgillmorehl@msu.edu,plan1,35,39,15.5,0,
635,2022-01-01T21:21:21Z,contract_paid,jlebromhm@e-recht24.de,plan4,9,9,35.6,0,
636,2022-02-01T18:00:27Z,contract_paid,kmatussovhn@wordpress.com,plan4,2,13,29.9,0,
637,2022-01-27T02:50:27Z,contract_paid,jdronsfieldho@vkontakte.ru,plan2,20,88,80.6,0,
638,2022-07-28T22:13:33Z,contract_upgraded,hlorandhp@jugem.jp,plan4,15,35,71.2,0,
639,2022-10-01T09:19:59Z,contract_signed,mashbeyhq@quantcast.com,plan2,28,81,48.8,0,
640,2022-06-17T00:01:03Z,contract_downgraded,halbershr@nba.com,plan2,8,22,52.3,0,
641,2021-10-19T19:22:25Z,contract_paid,jhainsworthhs@sphinn.com,plan4,1,6,15.3,0,
642,2021-10-26T11:11:55Z,contract_paid,bmckevanyht@rakuten.co.jp,plan4,9,49,82.8,0,
643,2022-01-13T00:18:29Z,contract_paid,closebyhu@sakura.ne.jp,plan2,5,36,82.8,0,
644,2022-06-18T22:50:13Z,contract_paid,zelizabethhv@blinklist.com,plan3,5,27,41.4,0,
645,2022-06-21T21:16:42Z,contract_paid,uheighwayhw@1und1.de,plan4,21,12,18.8,0,
646,2021-11-28T11:26:40Z,contract_downgraded,mbumpasshx@storify.com,plan1,27,88,74.9,0,
647,2021-11-24T21:17:03Z,contract_paid,spateselhy@indiegogo.com,plan2,28,78,21.0,0,
648,2022-03-01T16:01:14Z,contract_paid,cbesterhz@chicagotribune.com,plan4,21,7,66.9,0,
649,2021-12-29T18:12:44Z,contract_paid,mcorwini0@1688.com,plan2,23,71,41.4,0,
650,2022-08-03T20:55:04Z,contract_paid,sbeausangi1@geocities.jp,plan2,32,72,47.7,0,
651,2021-11-06T07:21:00Z,contract_paid,kciobutarui2@so-net.ne.jp,plan2,7,10,42.5,0,
652,2022-03-30T09:35:09Z,contract_upgraded,mwalshawi3@themeforest.net,plan1,2,13,92.4,0,
653,2022-05-29T21:14:26Z,contract_paid,vellingtoni4@acquirethisname.com,plan1,1,57,23.7,0,
654,2021-10-16T06:33:34Z,contract_downgraded,aalsfordi5@xrea.com,plan1,32,11,71.2,0,
655,2022-06-03T00:51:51Z,contract_paid,khanharti6@biblegateway.com,plan3,32,67,51.4,0,
656,2022-09-28T22:52:29Z,contract_downgraded,rnorthami7@imgur.com,plan2,30,96,26.1,0,
657,2022-06-12T15:21:19Z,contract_paid,zdanni8@unesco.org,plan2,31,80,43.6,0,
658,2022-06-09T01:19:34Z,contract_paid,emarioneaui9@paginegialle.it,plan4,26,60,88.2,0,2021-12-03T10:42:08Z
659,2022-09-12T13:35:42Z,contract_paid,nkarlqvistia@taobao.com,plan1,36,85,88.1,0,
660,2022-05-01T20:13:49Z,contract_paid,prushtonib@macromedia.com,plan1,1,57,45.8,0,
661,2022-04-01T22:55:24Z,contract_paid,mrocheic@hostgator.com,plan3,26,54,26.5,0,
662,2022-10-02T16:23:19Z,contract_upgraded,igoodlifeid@example.com,plan4,2,27,43.3,0,
663,2021-10-17T06:33:46Z,contract_paid,ksantusie@stanford.edu,plan3,36,21,85.2,0,
664,2021-12-26T13:57:35Z,contract_paid,kspeersif@hao123.com,plan1,15,2,16.8,0,
665,2022-01-04T09:42:21Z,contract_upgraded,ccrosdillig@shareasale.com,plan3,35,44,24.6,0,
666,2022-06-19T18:42:22Z,contract_paid,tobispoih@last.fm,plan3,22,15,19.9,0,
667,2022-04-25T18:26:18Z,contract_upgraded,ahowisonii@cbc.ca,plan1,11,48,21.8,0,
668,2022-07-01T14:32:32Z,contract_paid,jmcdermidij@hp.com,plan3,24,12,12.2,0,
669,2022-06-30T03:55:01Z,contract_paid,dmadineik@sitemeter.com,plan4,21,97,54.9,0,
670,2022-01-29T15:06:41Z,contract_paid,bmacaneil@tinyurl.com,plan1,6,58,19.9,0,
671,2022-08-14T14:37:56Z,contract_paid,ecundyim@ocn.ne.jp,plan4,31,61,92.7,0,
672,2022-04-18T07:09:02Z,contract_paid,msweetzerin@hostgator.com,plan1,22,48,52.7,0,
673,2022-03-17T22:39:35Z,contract_signed,jsauterio@webeden.co.uk,plan3,7,63,17.0,0,
674,2022-08-16T21:53:37Z,contract_upgraded,rjenckesip@amazon.com,plan2,8,99,45.7,0,
675,2021-12-27T12:58:44Z,contract_signed,dhoweniq@blog.com,plan2,6,13,30.5,0,
676,2021-11-25T18:26:39Z,contract_paid,wrawdallir@japanpost.jp,plan4,33,65,41.7,0,
677,2021-10-08T18:13:35Z,contract_paid,wwaggittis@fastcompany.com,plan3,17,60,75.2,0,
678,2022-01-10T18:51:07Z,contract_paid,whisemanit@skyrock.com,plan1,32,2,87.2,0,
679,2022-08-12T13:50:56Z,contract_paid,hburwiniu@hud.gov,plan2,18,46,32.3,0,
680,2021-12-02T22:42:40Z,contract_signed,ldonatiiv@cpanel.net,plan4,5,4,11.6,0,
681,2022-01-09T22:07:08Z,contract_paid,chalidayiw@diigo.com,plan4,19,98,20.8,0,
682,2022-04-17T14:11:44Z,contract_paid,dsalsbergix@ucsd.edu,plan2,7,61,68.8,0,
683,2022-05-28T19:45:54Z,contract_downgraded,sborrettiy@intel.com,plan2,9,68,32.2,0,
684,2022-10-04T10:03:44Z,contract_paid,bparmenteriz@sfgate.com,plan2,32,75,89.9,0,
685,2022-03-28T19:49:13Z,contract_signed,blegricej0@biglobe.ne.jp,plan3,12,2,24.7,0,
686,2021-12-10T03:16:05Z,contract_signed,usweedlandj1@gnu.org,plan3,31,92,23.7,0,
687,2021-11-03T13:17:01Z,contract_upgraded,bbeckersj2@uiuc.edu,plan1,3,60,46.8,0,
688,2022-08-26T18:53:57Z,contract_paid,etremathackj3@cam.ac.uk,plan4,7,64,78.4,0,
689,2022-05-24T12:17:08Z,contract_paid,jwestbergj4@istockphoto.com,plan2,11,2,95.1,0,
690,2022-09-06T19:08:09Z,contract_upgraded,vtesterj5@google.it,plan3,12,16,70.7,0,
691,2022-02-12T12:45:21Z,contract_paid,jcaughtryj6@domainmarket.com,plan4,35,68,79.7,0,
692,2022-03-20T03:00:58Z,contract_paid,mdownagej7@so-net.ne.jp,plan2,12,27,68.1,0,
693,2021-12-25T02:20:27Z,contract_paid,bcorbyj8@tripod.com,plan2,16,38,99.1,0,
694,2022-03-23T09:04:02Z,contract_downgraded,ktremaylej9@ezinearticles.com,plan4,22,80,35.5,0,
695,2021-11-03T18:23:15Z,contract_downgraded,hpahlerja@eepurl.com,plan3,8,38,69.1,0,
696,2022-05-14T02:49:16Z,contract_paid,vtompkissjb@census.gov,plan4,34,70,56.7,0,
697,2021-11-18T12:41:26Z,contract_paid,kduckerjc@tumblr.com,plan2,27,40,74.1,0,
698,2022-02-24T00:26:29Z,contract_paid,jclashjd@cbsnews.com,plan1,10,96,35.3,0,
699,2022-10-03T06:15:57Z,contract_paid,hmillerje@is.gd,plan4,10,68,95.7,0,
700,2022-09-10T11:31:03Z,contract_paid,skneeljf@timesonline.co.uk,plan3,6,25,10.9,0,
701,2021-10-13T21:02:57Z,contract_paid,mmaydwelljg@irs.gov,plan1,7,40,99.1,0,
702,2022-09-29T03:45:47Z,contract_paid,wspataruljh@cdc.gov,plan4,13,97,94.2,0,
703,2021-12-04T14:18:06Z,contract_paid,arafflesji@techcrunch.com,plan2,8,84,25.3,0,
704,2021-11-03T19:09:24Z,contract_paid,tcorbetjj@pen.io,plan2,6,55,33.6,0,
705,2022-02-19T16:47:19Z,contract_upgraded,bcristoferijk@prweb.com,plan3,31,88,50.0,0,
706,2022-09-27T03:46:48Z,contract_paid,awisejl@constantcontact.com,plan2,22,32,56.7,0,
707,2022-01-12T20:07:18Z,contract_upgraded,dclackjm@vinaora.com,plan2,32,55,94.8,0,
708,2022-10-07T10:11:19Z,contract_paid,qslocumbjn@toplist.cz,plan2,4,29,40.7,0,
709,2021-12-11T23:20:00Z,contract_paid,eeccersleyjo@craigslist.org,plan1,21,37,41.3,0,
710,2022-03-22T00:38:27Z,contract_paid,anelesjp@squidoo.com,plan2,17,86,71.0,0,
711,2022-07-16T00:38:35Z,contract_upgraded,lsucklingjq@usatoday.com,plan4,23,68,82.4,0,
712,2022-08-12T16:07:22Z,contract_paid,kpochonjr@behance.net,plan2,23,75,54.7,0,
713,2022-09-01T18:06:28Z,contract_paid,lryalljs@sciencedaily.com,plan2,9,87,70.1,0,
714,2022-03-05T19:38:00Z,contract_paid,iormistonjt@joomla.org,plan3,4,20,16.0,0,
715,2022-03-11T02:23:35Z,contract_paid,amckellenju@fastcompany.com,plan1,32,72,61.8,0,
716,2022-09-01T17:56:03Z,contract_paid,amapotherjv@pen.io,plan2,15,88,67.3,0,
717,2022-08-05T23:00:34Z,contract_paid,slackmannjw@paginegialle.it,plan4,20,10,91.5,0,
718,2021-12-22T01:14:49Z,contract_upgraded,ekirckmanjx@digg.com,plan3,33,69,39.1,0,
719,2022-08-11T19:11:24Z,contract_signed,shafnerjy@thetimes.co.uk,plan4,1,35,61.6,0,
720,2022-04-12T04:49:01Z,contract_paid,aalesbrookjz@123-reg.co.uk,plan1,25,93,19.7,0,
721,2022-07-15T21:32:26Z,contract_downgraded,slebrunk0@taobao.com,plan4,9,87,72.8,0,
722,2022-01-31T19:38:43Z,contract_paid,lsharpek1@pen.io,plan4,24,21,80.4,0,
723,2022-01-13T01:02:36Z,contract_signed,triseamk2@bing.com,plan4,32,16,66.6,0,
724,2022-07-04T07:24:02Z,contract_signed,hcossellk3@dropbox.com,plan3,33,59,91.8,0,
725,2022-01-12T08:32:03Z,contract_paid,kworlandk4@csmonitor.com,plan1,34,15,54.9,0,
726,2022-09-11T10:18:51Z,contract_upgraded,jcrummiek5@yale.edu,plan4,12,92,67.5,0,
727,2021-12-19T23:30:20Z,contract_signed,csinnattk6@house.gov,plan2,11,70,76.2,0,
728,2022-05-02T01:44:05Z,contract_downgraded,kstronoughk7@ameblo.jp,plan3,19,71,22.8,0,
729,2022-04-15T16:18:43Z,contract_paid,hmarklk8@nasa.gov,plan4,5,59,10.6,0,
730,2022-09-26T05:39:08Z,contract_paid,ecardinalek9@sogou.com,plan1,14,87,59.1,0,
731,2022-05-09T01:29:17Z,contract_paid,lquilleashka@163.com,plan2,33,1,66.7,0,
732,2022-03-29T19:59:28Z,contract_signed,ctembykb@tinyurl.com,plan3,28,25,37.4,0,
733,2022-09-19T04:38:41Z,contract_paid,smatyatinkc@skype.com,plan1,5,65,67.7,0,
734,2022-08-29T07:54:24Z,contract_downgraded,tknapperkd@businessweek.com,plan2,33,53,57.2,0,
735,2022-08-14T22:44:06Z,contract_signed,jansleyke@senate.gov,plan3,2,63,56.3,0,
736,2022-09-11T03:26:32Z,contract_paid,arustidgekf@globo.com,plan1,27,11,45.3,0,
737,2022-03-25T04:30:58Z,contract_downgraded,sfurseykg@google.co.uk,plan4,23,40,23.7,0,
738,2022-01-22T01:55:30Z,contract_paid,bdahillkh@domainmarket.com,plan4,21,66,56.5,0,
739,2022-05-30T14:30:50Z,contract_paid,igordenki@cyberchimps.com,plan4,12,32,41.1,0,
740,2022-02-08T17:27:31Z,contract_paid,tpevrealkj@prnewswire.com,plan1,18,55,87.2,0,
741,2022-09-21T20:47:12Z,contract_paid,dmilankk@toplist.cz,plan4,29,69,70.3,0,
742,2022-02-22T00:29:39Z,contract_paid,bberzenkl@feedburner.com,plan2,2,69,17.9,0,
743,2022-09-23T01:48:54Z,contract_paid,rslarkkm@nydailynews.com,plan4,30,22,60.7,0,
744,2022-09-10T20:19:28Z,contract_upgraded,tchickenkn@livejournal.com,plan4,25,5,52.9,0,
745,2022-02-28T14:58:12Z,contract_paid,tgrutchfieldko@weebly.com,plan3,5,29,52.3,0,
746,2022-07-19T08:29:31Z,contract_signed,aloughrankp@abc.net.au,plan2,3,58,97.3,0,
747,2022-07-19T07:39:39Z,contract_signed,lsurmeyerskq@patch.com,plan2,2,48,44.4,0,
748,2021-12-09T11:25:27Z,contract_signed,bdundridgekr@wp.com,plan1,12,32,36.0,0,
749,2022-04-01T08:09:03Z,contract_paid,cferrariniks@economist.com,plan3,4,30,71.5,0,
750,2022-08-27T02:31:05Z,contract_paid,gbathkt@illinois.edu,plan1,13,49,30.2,0,
751,2021-12-22T03:13:59Z,contract_paid,mlanawayku@archive.org,plan1,24,6,84.2,0,
752,2022-06-23T06:21:26Z,contract_paid,khuetsonkv@dailymotion.com,plan1,28,32,40.8,0,
753,2022-05-15T04:20:23Z,contract_signed,kgrancherkw@oaic.gov.au,plan2,12,41,27.2,0,
754,2022-04-12T08:32:17Z,contract_paid,sgeanekx@yandex.ru,plan1,10,26,67.2,0,
755,2022-06-03T08:25:58Z,contract_upgraded,aflackky@domainmarket.com,plan3,1,18,56.0,0,
756,2021-11-18T08:19:45Z,contract_paid,lbathersbykz@washingtonpost.com,plan2,11,71,74.3,0,
757,2022-08-04T02:44:44Z,contract_downgraded,ctittl0@hhs.gov,plan3,30,75,60.5,0,
758,2022-06-16T01:33:20Z,contract_paid,cdymockel1@oakley.com,plan2,25,26,92.8,0,
759,2022-04-12T16:10:00Z,contract_signed,poddl2@imgur.com,plan4,19,4,93.8,0,
760,2022-02-02T14:25:26Z,contract_paid,dbashaml3@sitemeter.com,plan4,22,52,23.2,0,
761,2022-05-28T11:45:43Z,contract_signed,lboaterl4@sitemeter.com,plan1,13,19,91.5,0,
762,2022-01-14T01:12:54Z,contract_paid,fleppol5@hp.com,plan4,10,98,40.1,0,
763,2022-09-03T22:56:05Z,contract_paid,tferraronl6@census.gov,plan2,3,76,14.3,0,
764,2022-05-02T17:51:36Z,contract_downgraded,dhardimanl7@indiatimes.com,plan2,12,40,61.6,0,
765,2022-02-05T07:31:46Z,contract_signed,mtweedyl8@ning.com,plan4,30,5,23.7,0,
766,2022-09-28T08:34:31Z,contract_paid,wkennellyl9@theguardian.com,plan2,14,56,94.5,0,
767,2022-10-01T00:37:36Z,contract_downgraded,gpatterfieldla@wikipedia.org,plan1,25,82,53.9,0,
768,2022-04-22T07:15:36Z,contract_signed,khuishlb@yale.edu,plan4,33,49,20.3,0,
769,2022-10-07T11:55:21Z,contract_paid,nscandrettlc@nsw.gov.au,plan3,7,30,38.6,0,
770,2022-05-05T09:02:20Z,contract_downgraded,vpittendreighld@sogou.com,plan3,2,21,22.6,0,
771,2021-11-09T22:01:10Z,contract_downgraded,inegalle@netvibes.com,plan2,33,81,63.2,0,
772,2022-09-08T07:44:34Z,contract_upgraded,tburduslf@typepad.com,plan3,3,71,93.7,0,
773,2022-08-03T06:04:44Z,contract_canceled,bnorthwoodlg@mapy.cz,plan1,8,49,58.1,0,
774,2022-09-22T05:45:13Z,contract_downgraded,iwilmanlh@godaddy.com,plan1,35,52,36.5,0,
775,2022-10-05T13:07:25Z,contract_downgraded,sgillettli@cam.ac.uk,plan3,28,61,50.2,0,
776,2022-09-26T06:53:56Z,contract_signed,hcardoolj@google.co.uk,plan4,1,18,85.6,0,
777,2022-01-02T07:15:54Z,contract_paid,tmytonlk@google.cn,plan4,19,2,61.3,0,
778,2022-02-13T20:38:06Z,contract_paid,felderedll@biblegateway.com,plan4,21,48,29.9,0,
779,2021-11-09T08:50:45Z,contract_downgraded,ccrissillm@mapquest.com,plan2,32,4,57.3,0,
780,2022-07-06T13:37:26Z,contract_paid,araithbyln@deviantart.com,plan2,10,73,42.8,0,
781,2022-03-09T19:40:55Z,contract_paid,dfearicklo@php.net,plan2,26,79,19.5,0,
782,2022-08-07T08:54:19Z,contract_paid,eleveelp@ow.ly,plan2,26,71,66.2,0,
783,2021-11-13T16:14:33Z,contract_signed,askypplq@google.fr,plan4,14,61,100.0,0,
784,2022-06-13T14:42:27Z,contract_upgraded,chrihorovichlr@mozilla.com,plan2,5,54,10.7,0,
785,2022-07-14T18:18:53Z,contract_paid,sbadcockls@cbc.ca,plan3,20,46,29.7,0,
786,2022-06-16T13:41:58Z,contract_paid,nblethinlt@simplemachines.org,plan2,29,63,81.1,0,
787,2021-11-25T20:45:20Z,contract_paid,rmaccartneylu@aol.com,plan2,6,98,42.0,0,
788,2021-11-09T01:05:03Z,contract_paid,dmaccrackenlv@google.com.hk,plan1,21,90,13.5,0,
789,2022-07-07T01:37:48Z,contract_paid,jspohrlw@nih.gov,plan4,20,8,87.3,0,
790,2022-01-03T08:15:13Z,contract_downgraded,ldaughertylx@kickstarter.com,plan3,33,69,81.8,0,
791,2022-01-25T08:07:35Z,contract_paid,tbridatly@linkedin.com,plan1,30,6,71.3,0,
792,2022-07-08T18:32:49Z,contract_paid,ebridgeslz@epa.gov,plan2,24,83,67.8,0,
793,2021-10-29T01:46:57Z,contract_paid,ncuvleym0@whitehouse.gov,plan1,4,38,33.1,0,
794,2022-07-07T08:47:51Z,contract_downgraded,dwankelm1@cnet.com,plan4,16,95,42.4,0,
795,2021-10-21T06:20:58Z,contract_upgraded,dtrigglem2@theglobeandmail.com,plan2,27,50,46.2,0,
796,2021-11-21T02:36:30Z,contract_signed,ghollyarm3@fotki.com,plan1,10,50,27.0,0,
797,2022-02-02T10:33:14Z,contract_paid,mjansm4@friendfeed.com,plan4,7,79,39.9,0,
798,2022-07-26T20:01:23Z,contract_paid,arobioum5@google.ru,plan1,35,29,16.0,0,
799,2022-06-05T05:13:25Z,contract_upgraded,omasom6@reddit.com,plan3,34,28,11.8,0,
800,2022-05-31T05:31:11Z,contract_paid,hhendrenm7@unc.edu,plan3,19,55,99.2,0,
801,2022-09-06T10:44:37Z,contract_paid,qfeldererm8@examiner.com,plan3,25,77,95.8,0,
802,2021-12-29T06:10:12Z,contract_canceled,sspornerm9@spotify.com,plan2,26,20,89.4,0,
803,2022-06-28T18:55:42Z,contract_paid,kcottlema@npr.org,plan2,22,57,71.5,0,
804,2021-11-19T02:47:58Z,contract_paid,tbartozzimb@twitpic.com,plan1,22,35,19.4,0,
805,2022-09-07T19:32:00Z,contract_upgraded,bharmarmc@g.co,plan3,25,5,65.5,0,
806,2022-08-15T04:04:38Z,contract_upgraded,egetcliffmd@jiathis.com,plan2,15,24,82.8,0,
807,2022-09-19T11:22:04Z,contract_paid,dalansme@skype.com,plan2,2,66,68.6,0,
808,2022-05-16T11:27:04Z,contract_paid,kbiasiomf@csmonitor.com,plan3,30,64,66.2,0,
809,2022-09-18T16:51:11Z,contract_paid,mswancockmg@photobucket.com,plan1,28,16,64.5,0,
810,2022-05-04T00:03:23Z,contract_paid,lperagomh@dot.gov,plan1,17,16,72.8,0,
811,2021-12-21T11:33:48Z,contract_paid,nglendzermi@walmart.com,plan1,2,74,40.3,0,
812,2022-08-18T10:00:54Z,contract_signed,ovanymj@bluehost.com,plan3,12,65,88.1,0,
813,2022-04-06T07:26:50Z,contract_downgraded,kadlammk@cbsnews.com,plan1,2,34,43.9,0,
814,2022-04-20T13:04:03Z,contract_paid,tperchardml@nature.com,plan3,31,18,96.3,0,
815,2022-03-29T01:28:48Z,contract_paid,cmeronmm@jigsy.com,plan4,18,93,74.4,0,
816,2022-05-24T07:39:02Z,contract_downgraded,bsaladinemn@blinklist.com,plan4,20,96,25.4,0,
817,2022-05-13T06:00:49Z,contract_paid,amcmahonmo@hc360.com,plan4,23,62,79.8,0,
818,2022-02-08T10:28:02Z,contract_paid,tgorinimp@google.pl,plan4,14,50,14.4,0,
819,2022-04-06T08:17:23Z,contract_paid,vpeggsmq@yahoo.co.jp,plan4,29,74,51.8,0,
820,2022-07-15T15:24:08Z,contract_paid,ftweedemr@tumblr.com,plan3,33,5,62.9,0,
821,2021-10-16T00:10:05Z,contract_paid,cdonnersbergms@hp.com,plan2,32,66,93.1,0,
822,2022-05-17T19:50:16Z,contract_paid,cskeppermt@bluehost.com,plan3,26,93,22.6,0,
823,2022-06-06T22:57:11Z,contract_paid,acollinghammu@dot.gov,plan3,24,34,98.6,0,
824,2022-07-20T11:14:45Z,contract_paid,nedgettmv@yolasite.com,plan3,10,41,47.2,0,
825,2022-08-12T07:57:25Z,contract_paid,kpascoemw@intel.com,plan4,30,96,63.4,0,
826,2022-01-24T17:01:24Z,contract_paid,xcaldermx@t-online.de,plan1,4,25,87.4,0,
827,2022-01-30T15:06:46Z,contract_paid,cmarusikmy@jigsy.com,plan3,34,80,34.1,0,
828,2022-10-01T11:58:02Z,contract_paid,rfinlaymz@mashable.com,plan1,18,22,55.0,0,
829,2022-05-15T09:28:55Z,contract_canceled,npestorn0@vk.com,plan4,14,28,21.1,0,
830,2022-09-15T17:29:04Z,contract_canceled,kloveladyn1@reference.com,plan1,2,31,22.7,0,
831,2022-07-27T01:40:32Z,contract_downgraded,apentlown2@live.com,plan3,6,43,75.3,0,
832,2022-02-01T02:16:34Z,contract_signed,bsteffann3@naver.com,plan1,28,72,24.4,0,
833,2022-04-15T23:04:45Z,contract_upgraded,umaccurleyn4@domainmarket.com,plan4,14,4,34.2,0,
834,2022-03-27T11:53:11Z,contract_canceled,jriggn5@themeforest.net,plan4,27,23,33.7,0,
835,2021-11-19T10:46:36Z,contract_upgraded,mflemmingn6@google.it,plan4,18,25,60.9,0,
836,2022-03-18T10:00:36Z,contract_paid,cplaylen7@berkeley.edu,plan3,8,47,17.0,0,
837,2022-01-25T01:50:18Z,contract_paid,ffullyloven8@facebook.com,plan3,29,86,71.3,0,
838,2022-06-29T12:42:53Z,contract_signed,aplumben9@dropbox.com,plan4,33,30,64.3,0,
839,2022-04-23T20:15:54Z,contract_canceled,lcolnettna@wordpress.org,plan2,31,99,58.4,0,
840,2021-10-17T05:13:51Z,contract_paid,cflodenb@upenn.edu,plan3,20,33,81.5,0,
841,2021-10-08T00:47:07Z,contract_paid,mspiernc@gizmodo.com,plan1,33,87,54.7,0,
842,2021-11-10T12:50:22Z,contract_paid,csheafnd@yahoo.com,plan3,22,59,95.5,0,
843,2022-06-23T09:16:17Z,contract_paid,dmatterdacene@whitehouse.gov,plan3,30,7,54.3,0,
844,2022-04-30T07:55:04Z,contract_signed,jgonoudenf@mapy.cz,plan3,8,46,71.6,0,
845,2021-11-08T15:18:24Z,contract_signed,cburnettng@hibu.com,plan2,4,9,20.6,0,
846,2022-07-23T14:56:51Z,contract_paid,hchateaunh@amazon.co.jp,plan2,22,12,98.5,0,
847,2021-12-05T19:04:44Z,contract_paid,cnijsni@webeden.co.uk,plan2,16,42,72.4,0,
848,2022-10-06T11:47:56Z,contract_signed,jselleknj@si.edu,plan2,6,8,58.8,0,
849,2022-03-21T06:22:42Z,contract_upgraded,lbartonnk@ox.ac.uk,plan1,11,56,49.0,0,
850,2022-08-07T06:49:01Z,contract_paid,hlorrimannl@epa.gov,plan1,17,37,37.7,0,
851,2022-03-23T16:31:48Z,contract_paid,bballochnm@earthlink.net,plan1,36,84,59.2,0,
852,2022-08-11T06:56:40Z,contract_upgraded,nbalthasarnn@redcross.org,plan3,31,1,44.5,0,
853,2021-11-26T04:47:59Z,contract_paid,pschierschno@webnode.com,plan2,9,72,38.4,0,
854,2022-01-25T10:27:11Z,contract_paid,csattefordnp@github.io,plan2,35,63,28.0,0,
855,2022-06-06T04:24:21Z,contract_downgraded,avannsnq@paginegialle.it,plan4,20,82,10.5,0,
856,2022-04-30T05:03:29Z,contract_paid,bkibbeenr@prnewswire.com,plan2,2,76,75.8,0,
857,2022-08-16T08:36:48Z,contract_paid,ctinens@weather.com,plan1,21,46,30.7,0,
858,2022-10-03T04:52:32Z,contract_upgraded,whaywoodnt@cargocollective.com,plan1,15,21,27.4,0,
859,2022-10-05T23:47:10Z,contract_paid,batheynu@bizjournals.com,plan3,30,24,62.4,0,
860,2022-06-05T21:09:49Z,contract_paid,chenninghamnv@nba.com,plan2,4,5,56.7,0,
861,2022-01-25T04:10:19Z,contract_signed,adohmsnw@indiatimes.com,plan4,16,49,51.5,0,
862,2022-09-29T00:43:04Z,contract_signed,cnorvillenx@homestead.com,plan2,23,42,45.6,0,
863,2022-08-31T01:39:09Z,contract_upgraded,pheasemanny@pinterest.com,plan4,33,16,59.5,0,
864,2021-12-07T09:14:26Z,contract_paid,feouzannz@twitter.com,plan3,5,45,14.3,0,
865,2022-02-20T05:15:58Z,contract_paid,pdesousao0@psu.edu,plan1,35,2,49.0,0,
866,2022-01-30T05:11:42Z,contract_paid,amercyo1@360.cn,plan2,36,34,20.8,0,
867,2021-11-26T19:20:59Z,contract_paid,nfassono2@vimeo.com,plan1,35,68,50.1,0,
868,2022-01-10T19:57:01Z,contract_signed,rholbyo3@sakura.ne.jp,plan4,18,64,77.2,0,
869,2021-11-03T01:43:25Z,contract_downgraded,gshreveo4@icq.com,plan1,11,99,57.4,0,
870,2022-06-27T10:01:32Z,contract_signed,chackwello5@cbslocal.com,plan3,2,95,68.8,0,
871,2022-05-26T03:57:41Z,contract_paid,jjewsburyo6@sitemeter.com,plan4,9,98,47.0,0,
872,2022-02-03T07:11:16Z,contract_canceled,bcoffeyo7@opensource.org,plan4,34,26,13.4,0,
873,2021-12-23T03:35:53Z,contract_signed,aomulleno8@patch.com,plan2,17,99,84.4,0,
874,2022-06-22T19:21:10Z,contract_downgraded,favramovitzo9@drupal.org,plan4,20,6,77.9,0,
875,2021-11-15T05:06:57Z,contract_paid,rsydryoa@aboutads.info,plan3,11,89,24.4,0,
876,2022-03-01T14:43:12Z,contract_paid,cmarquessob@chronoengine.com,plan1,2,42,61.0,0,
877,2021-10-24T16:11:31Z,contract_paid,cormistonoc@yelp.com,plan3,7,48,27.4,0,
878,2022-02-13T16:41:00Z,contract_signed,aquilleashod@drupal.org,plan4,12,84,93.2,0,
879,2022-02-12T12:20:46Z,contract_paid,tgomesoe@pcworld.com,plan2,11,18,28.5,0,
880,2022-03-15T02:18:37Z,contract_paid,ssimonof@nytimes.com,plan4,8,23,27.8,0,
881,2022-09-03T04:45:01Z,contract_paid,vbordessaog@chicagotribune.com,plan2,17,97,59.0,0,
882,2022-02-18T11:09:59Z,contract_paid,hweddupoh@reference.com,plan2,6,5,65.1,0,
883,2022-03-25T04:14:32Z,contract_signed,mjanakoi@deviantart.com,plan4,34,31,39.2,0,
884,2022-05-08T00:34:57Z,contract_signed,bjedrzejewskyoj@last.fm,plan1,31,78,62.2,0,
885,2021-10-10T14:21:17Z,contract_downgraded,hrowledgeok@tamu.edu,plan3,36,3,21.2,0,
886,2022-04-29T10:44:48Z,contract_upgraded,dsemirasol@paypal.com,plan3,27,22,43.7,0,
887,2022-08-05T01:16:03Z,contract_paid,kpughsleyom@comsenz.com,plan2,15,67,29.3,0,
888,2022-06-20T10:13:46Z,contract_paid,mheimannon@nhs.uk,plan1,18,100,66.2,0,
889,2021-12-20T17:09:39Z,contract_downgraded,bmcowisoo@icio.us,plan4,8,78,40.2,0,
890,2022-05-18T07:21:44Z,contract_paid,ashaldersop@nature.com,plan1,22,62,55.2,0,
891,2022-04-13T19:32:30Z,contract_paid,alamertonoq@themeforest.net,plan3,15,65,15.9,0,
892,2022-08-18T15:06:30Z,contract_paid,wpoulglaisor@mashable.com,plan3,12,30,83.0,0,
893,2022-03-04T01:13:08Z,contract_paid,mmoulsonos@paginegialle.it,plan1,18,15,81.1,0,2021-10-18T03:00:42Z
894,2022-09-26T07:16:02Z,contract_paid,bfilipiakot@acquirethisname.com,plan1,10,37,95.9,0,
895,2021-10-21T10:11:17Z,contract_paid,nblunderfieldou@foxnews.com,plan4,36,26,39.7,0,
896,2022-02-11T16:25:59Z,contract_paid,alafontaineov@alexa.com,plan1,36,71,49.6,0,
897,2022-03-19T20:26:54Z,contract_paid,kpayneow@phoca.cz,plan4,18,93,46.4,0,
898,2022-01-27T23:01:03Z,contract_signed,jhallinox@jugem.jp,plan2,10,99,34.7,0,
899,2022-05-13T13:11:38Z,contract_paid,lwagonoy@51.la,plan1,30,94,16.2,0,
900,2021-11-20T16:32:54Z,contract_paid,nvanderkruysoz@deliciousdays.com,plan2,27,86,30.2,0,
901,2022-03-08T01:17:34Z,contract_paid,jruslenp0@walmart.com,plan2,9,54,77.0,0,
902,2021-10-23T17:57:34Z,contract_paid,jvandermarkp1@examiner.com,plan4,1,89,43.2,0,
903,2022-10-07T12:51:45Z,contract_paid,siorillop2@wikimedia.org,plan2,14,63,14.9,0,
904,2022-01-14T12:37:16Z,contract_signed,overheydenp3@privacy.gov.au,plan1,2,24,98.3,0,
905,2022-03-17T13:10:55Z,contract_signed,nhansterp4@vimeo.com,plan1,8,45,56.7,0,
906,2021-11-19T06:52:53Z,contract_upgraded,zbulmerp5@printfriendly.com,plan1,11,95,59.7,0,
907,2022-05-20T23:52:50Z,contract_downgraded,llandegp6@shareasale.com,plan3,24,49,99.3,0,
908,2022-01-26T21:03:53Z,contract_paid,ukitchingp7@mit.edu,plan4,29,90,10.0,0,
909,2022-07-07T12:17:38Z,contract_canceled,kjeaninp8@github.io,plan4,12,84,51.3,0,
910,2022-05-11T05:53:44Z,contract_paid,mdilrewp9@sciencedaily.com,plan4,17,86,14.0,0,
911,2022-09-20T21:01:57Z,contract_paid,gleverentzpa@statcounter.com,plan4,13,39,44.1,0,
912,2021-12-13T01:13:47Z,contract_signed,dyeudepb@nifty.com,plan1,28,15,48.0,0,
913,2022-06-16T18:00:27Z,contract_paid,sdyerspc@godaddy.com,plan2,24,60,73.9,0,
914,2022-02-26T02:39:13Z,contract_paid,eortopd@ted.com,plan2,5,94,25.0,0,
915,2022-05-10T19:06:14Z,contract_paid,nklaespe@dropbox.com,plan1,34,46,74.7,0,
916,2021-11-18T05:23:07Z,contract_signed,csturmpf@cbsnews.com,plan3,27,3,98.5,0,
917,2021-11-09T23:23:05Z,contract_paid,sjacobpg@tuttocitta.it,plan2,30,55,70.9,0,
918,2022-09-18T09:53:01Z,contract_paid,ewinneyph@businessweek.com,plan1,23,57,50.3,0,
919,2021-11-03T08:33:59Z,contract_paid,gcoulsenpi@usda.gov,plan3,14,1,35.0,0,
920,2022-01-21T23:22:42Z,contract_paid,awarderpj@istockphoto.com,plan3,34,19,62.4,0,
921,2022-01-11T04:27:11Z,contract_paid,lfoskettpk@studiopress.com,plan4,20,69,20.5,0,
922,2021-12-26T23:51:30Z,contract_canceled,nrubeepl@examiner.com,plan3,25,1,23.9,0,
923,2022-05-19T05:19:38Z,contract_upgraded,mdopplerpm@bing.com,plan2,24,2,17.9,0,
924,2022-05-21T20:05:26Z,contract_canceled,htorresipn@cnet.com,plan4,12,1,36.1,0,
925,2022-08-01T17:11:09Z,contract_paid,bweitzelpo@usatoday.com,plan2,25,93,31.7,0,
926,2021-10-23T09:57:52Z,contract_paid,skingmanpp@sohu.com,plan2,4,44,75.9,0,
927,2022-03-30T14:23:50Z,contract_downgraded,parendsenpq@washingtonpost.com,plan4,5,1,68.9,0,
928,2022-05-11T08:29:09Z,contract_signed,ngarrypr@timesonline.co.uk,plan1,3,3,50.0,0,
929,2022-03-30T18:14:49Z,contract_paid,sdungeyps@naver.com,plan4,33,53,69.2,0,
930,2022-07-25T07:10:28Z,contract_signed,htanslypt@home.pl,plan4,11,75,32.3,0,
931,2022-04-14T20:59:06Z,contract_paid,lwoganpu@fastcompany.com,plan4,22,39,48.7,0,
932,2021-12-17T00:26:46Z,contract_signed,hrofepv@pagesperso-orange.fr,plan1,7,31,37.0,0,
933,2021-10-23T14:40:30Z,contract_signed,jchuckpw@cyberchimps.com,plan1,35,51,86.6,0,
934,2022-09-11T14:01:51Z,contract_upgraded,elatchfordpx@house.gov,plan1,25,97,35.1,0,
935,2022-06-10T16:44:21Z,contract_signed,tdibbepy@craigslist.org,plan1,30,56,63.7,0,
936,2022-06-05T19:20:19Z,contract_upgraded,mscrowsonpz@typepad.com,plan4,8,65,50.9,0,
937,2021-11-06T23:27:02Z,contract_paid,gleleuq0@blogs.com,plan1,26,97,37.1,0,
938,2022-07-26T05:03:49Z,contract_paid,baldwichq1@plala.or.jp,plan1,30,87,99.2,0,
939,2022-03-21T00:37:13Z,contract_signed,dginsieq2@boston.com,plan3,11,59,75.3,0,
940,2021-10-30T00:49:19Z,contract_paid,cschoroderq3@yandex.ru,plan1,33,59,95.5,0,
941,2022-02-13T15:27:11Z,contract_downgraded,ndodswellq4@ed.gov,plan3,9,43,16.3,0,
942,2022-03-11T10:19:20Z,contract_paid,kfollettq5@rambler.ru,plan1,17,24,15.9,0,
943,2022-06-26T11:04:22Z,contract_paid,htumiotoq6@amazonaws.com,plan4,22,89,87.0,0,
944,2021-10-11T18:29:10Z,contract_paid,losburnq7@usa.gov,plan2,23,13,70.6,0,
945,2022-06-29T11:07:31Z,contract_upgraded,zkynderq8@360.cn,plan2,15,7,93.8,0,
946,2022-02-07T01:44:10Z,contract_signed,gdorceyq9@jigsy.com,plan1,13,17,51.2,0,
947,2022-08-28T17:24:01Z,contract_paid,zhumbeyqa@illinois.edu,plan1,27,22,35.7,0,
948,2021-10-08T20:33:25Z,contract_paid,cchampagneqb@theguardian.com,plan2,8,43,51.9,0,
949,2022-10-02T11:42:49Z,contract_paid,oswendellqc@t-online.de,plan2,27,41,42.0,0,
950,2022-06-13T15:32:05Z,contract_paid,tsarverqd@seesaa.net,plan4,22,3,95.5,0,
951,2022-01-16T17:11:27Z,contract_paid,agenikeqe@va.gov,plan1,5,63,52.2,0,
952,2021-12-26T02:00:01Z,contract_paid,zsquiresqf@github.com,plan1,23,24,62.8,0,
953,2021-10-14T03:34:35Z,contract_paid,dprewqg@intel.com,plan2,29,86,20.7,0,
954,2022-08-23T16:17:52Z,contract_paid,tduxburyqh@indiatimes.com,plan1,24,58,98.5,0,
955,2022-09-21T15:18:43Z,contract_paid,cdumperqi@naver.com,plan2,16,41,91.0,0,
956,2021-11-10T00:05:53Z,contract_upgraded,skupkeqj@so-net.ne.jp,plan4,25,100,78.3,0,
957,2022-06-26T23:33:32Z,contract_downgraded,abourqk@networkadvertising.org,plan2,35,11,68.3,0,
958,2022-09-28T11:26:05Z,contract_signed,groselql@washingtonpost.com,plan4,19,50,21.2,0,
959,2022-05-25T13:41:54Z,contract_paid,lbabberqm@wikispaces.com,plan1,7,25,87.1,0,
960,2021-12-29T22:09:13Z,contract_downgraded,cplayfootqn@indiegogo.com,plan1,17,71,28.5,0,
961,2022-08-23T03:14:07Z,contract_paid,adennantqo@buzzfeed.com,plan2,20,77,91.5,0,
962,2022-06-05T00:31:54Z,contract_paid,bwilseyqp@paypal.com,plan3,5,56,52.5,0,
963,2022-02-13T18:39:38Z,contract_upgraded,leverexqq@theatlantic.com,plan1,30,14,88.5,0,
964,2022-08-19T19:33:58Z,contract_signed,dhavickqr@prweb.com,plan3,4,70,67.2,0,
965,2021-11-16T18:42:06Z,contract_paid,mizenqs@google.it,plan3,19,73,100.0,0,
966,2022-07-15T05:41:13Z,contract_paid,kfrankqt@issuu.com,plan4,29,88,27.1,0,
967,2022-02-01T11:33:25Z,contract_paid,ybuschqu@home.pl,plan3,33,76,63.9,0,
968,2022-09-27T16:55:56Z,contract_paid,vtiftqv@quantcast.com,plan3,34,86,49.7,0,
969,2022-02-16T02:12:29Z,contract_signed,elostyqw@google.com.hk,plan2,18,23,67.4,0,
970,2022-02-26T16:09:44Z,contract_signed,pnormanvellqx@tripod.com,plan4,15,30,42.5,0,
971,2022-07-01T11:43:50Z,contract_canceled,lberginqy@123-reg.co.uk,plan2,10,79,77.7,0,
972,2022-04-27T04:13:47Z,contract_paid,zswannieqz@aol.com,plan4,19,61,17.8,0,
973,2022-05-08T09:11:02Z,contract_paid,jjelkr0@themeforest.net,plan4,13,64,76.0,0,
974,2021-12-28T13:27:29Z,contract_paid,rcobleyr1@zdnet.com,plan2,14,42,57.7,0,
975,2022-01-08T07:00:01Z,contract_paid,cballamr2@vinaora.com,plan2,28,44,88.6,0,
976,2021-10-15T22:50:46Z,contract_paid,lgebbr3@un.org,plan1,32,37,76.3,0,
977,2022-06-14T12:56:53Z,contract_paid,rkunzlerr4@nasa.gov,plan1,26,98,58.0,0,
978,2022-05-06T01:56:40Z,contract_paid,eprosekr5@hp.com,plan1,17,69,75.0,0,
979,2022-09-13T07:35:09Z,contract_paid,tmcleanr6@sogou.com,plan3,32,83,97.2,0,
980,2022-04-10T09:40:36Z,contract_paid,hburrusr7@howstuffworks.com,plan2,7,25,41.3,0,
981,2022-02-20T07:30:08Z,contract_downgraded,reaglestoner8@google.com,plan4,14,9,72.1,0,
982,2022-04-03T13:14:59Z,contract_paid,tcorbishleyr9@arizona.edu,plan2,30,7,17.1,0,
983,2022-07-07T12:19:22Z,contract_signed,slidellra@virginia.edu,plan4,19,67,23.6,0,
984,2022-05-17T23:08:41Z,contract_signed,ghantuschrb@yahoo.com,plan2,35,20,75.8,0,
985,2022-08-15T02:19:23Z,contract_signed,cboycottrc@360.cn,plan4,32,15,92.8,0,
986,2022-02-16T11:52:53Z,contract_paid,kpetrollird@dmoz.org,plan4,35,41,71.3,0,
987,2022-06-21T05:13:11Z,contract_paid,scromartyre@mozilla.org,plan4,15,38,91.0,0,
988,2021-10-12T20:24:09Z,contract_paid,fcolleymorerf@go.com,plan2,12,15,21.1,0,
989,2021-12-31T08:02:53Z,contract_signed,steresarg@dailymail.co.uk,plan1,10,47,85.1,0,
990,2022-02-27T08:35:21Z,contract_paid,cwybournerh@adobe.com,plan2,31,85,56.3,0,
991,2022-04-19T02:05:43Z,contract_paid,ejaycoxri@opensource.org,plan4,34,51,57.8,0,
992,2022-07-28T05:28:28Z,contract_paid,bmilbournerj@cnn.com,plan1,18,9,53.0,0,
993,2021-11-18T21:28:59Z,contract_downgraded,schacerk@home.pl,plan2,12,13,58.6,0,
994,2022-07-24T15:16:32Z,contract_signed,morrowrl@mapy.cz,plan4,32,94,44.9,0,
995,2022-03-22T08:11:07Z,contract_signed,ggrigorerm@flickr.com,plan3,13,30,76.8,0,
996,2022-06-07T19:55:19Z,contract_paid,arodiern@prweb.com,plan3,33,75,36.7,0,
997,2022-05-16T09:23:11Z,contract_upgraded,splainro@gravatar.com,plan3,27,47,87.2,0,
998,2022-03-25T22:18:25Z,contract_signed,emanganrp@ucoz.ru,plan3,18,6,14.1,0,
999,2022-05-31T23:57:47Z,contract_paid,phecksrq@amazon.co.uk,plan1,16,75,88.8,0,
1000,2021-10-18T09:09:37Z,contract_paid,fpendockrr@latimes.com,plan4,32,85,68.2,0,
