id,subscription_id,internal_name,external_name,contracted_periodic_units,mrr_value,arr_value
1,784,ndkyawa,omtxrmz,9,85,
2,487,hgmzqsu,enphqky,83,58,
3,686,wdvqbtz,ajwkexz,14,87,
4,152,vaqfszs,gngclzv,15,44,
5,103,rslsnwy,zpuxatk,60,,497024
6,918,nmerstf,qifiywg,61,86,
7,261,dnjdfah,dqjyejr,12,81,
8,457,efbassf,vainlml,9,,
9,845,iffkgws,tpqrwip,43,21,562630
10,724,qtaszex,pxcairp,81,,
11,357,hqjaqwe,mustljr,81,87,219171
12,216,qmnfzez,raxtihi,56,,
13,634,mzcqwqd,nrsegri,75,31,206519
14,616,ixsseut,mwhruhr,61,26,
15,737,ovdypbx,pjzaavg,73,54,693890
16,43,hlfpdwk,ddnjhbc,17,47,
17,128,uzuafva,wvelygv,10,,332942
18,862,ntwnhgc,igzzxbb,83,76,
19,85,gwhczfy,dzktbxt,43,58,
20,648,wzytweg,vvypjzp,34,,414722
21,352,ljitvsx,xxkuymw,15,,
22,624,ffzmmpd,rlbhguj,11,88,
23,944,tryfbtf,klfyumx,29,64,
24,511,ezmspej,odudbmz,45,,480842
25,470,qufiobm,hnupgqt,35,83,
26,154,ojqhggy,qmqesfr,92,86,
27,408,wjoqxwo,rikwric,30,56,671586
28,837,zzimmto,pqavtgu,92,,232208
29,9,dmckbkg,uoqfsua,77,,538793
30,35,ebodqsf,hhzaico,88,25,94440
31,25,xanfvij,ddszscg,3,56,
32,318,ovtbbnk,bxpcvmw,35,40,309147
33,4,shxojwo,mpukztz,75,52,
34,759,tszfyjv,qyhocja,29,28,
35,730,cutrbqw,jiooxmv,76,,
36,251,zoihopp,zjpwcqp,35,78,427273
37,780,eyyevxa,pvegmdx,76,,65448
38,486,nzhkydq,wjlrvet,78,,
39,805,nizuwzu,mewjedk,54,65,
40,348,gazlfln,qdicxik,42,,
41,434,xmyqhnj,udsmyba,77,89,478974
42,89,srlklws,rebpdvn,35,,
43,925,wtqsmye,tmhapum,49,98,
44,341,xbigyyg,owuwvwb,85,30,
45,451,cilfbzn,klfxqly,84,,
46,31,ztzxtlt,oudqipj,47,,
47,27,cpcyyvh,alcmvzm,34,35,
48,387,uklxbfj,knlluky,22,98,251953
49,336,litxjlt,svkfhrx,97,,
50,37,cbplwnh,vohwevc,65,,
51,88,fqwwfvv,rhwfimj,5,,
52,694,ljnnbdo,tmpdxsy,41,,
53,118,pdmtduf,cdcnehj,10,,
54,697,tkzldnd,lidvovo,73,64,
55,679,hvsxcsx,dxzhygv,8,,125860
56,735,fbolhcz,xcwfqav,80,,
57,954,qszhosp,rueypwq,82,29,
58,305,aynvpgr,jalbcvm,38,,
59,178,lhfbphl,ovwyocu,50,52,
60,50,ywsjsbb,ufukglo,52,96,
61,277,tjqcgdn,tmiethc,61,75,
62,281,hcdtlag,zgzpxgw,69,51,
63,713,tmjhqnt,hqnjmzp,76,,
64,199,xxdsajd,zrnddup,47,53,231430
65,111,xemovyy,byuhvia,96,93,158044
66,701,lphuaql,aewsbik,42,26,
67,522,nhlslaq,rgicfsg,71,,427219
68,87,kyaqpmo,uxzvoua,98,35,
69,28,pdynwjc,srugdqx,45,22,
70,717,cydstan,wtzclzv,72,36,
71,146,nnzoehn,bfwchac,25,,
72,636,cetyltl,kvfzejq,71,,
73,500,hnqiunc,qbdrjti,38,35,614027
74,722,nsdqlcx,tfsnsre,14,75,311583
75,863,gebwsmi,fdkavkd,26,97,
76,54,ycyahsn,tpiytpe,23,87,357992
77,366,qmitszt,spoyfnz,71,81,
78,225,lhfivcg,ifqgwyn,94,92,
79,739,atlnvhi,jqzpdlb,34,,266957
80,94,cuqnvwq,glncgno,30,79,
81,179,oomoblg,rzxzwwb,5,,176790
82,816,ddlwika,suyzzvk,40,55,119973
83,639,wlvwuov,zohggkp,75,93,
84,394,rxkoepw,rsfxrds,10,74,94400
85,774,juumkrp,ddmysyd,35,65,
86,127,gcluufz,dajtoua,7,93,
87,455,mdzwsik,kdqcqhk,46,,
88,346,ydtetyj,jvhjhcj,97,68,
89,901,vtqmrnn,gyoybhj,20,,
90,516,gcobsbd,paipjnn,72,,166555
91,6,vnafphy,lquoshz,35,,
92,351,ljdaden,umckzew,47,55,666001
93,766,vpjuotl,zncyper,72,76,
94,662,cjkdxoq,mmnjwlx,38,,
95,440,eycpxcf,enfosmn,82,20,
96,844,llsjbec,qbzuelj,93,38,345502
97,255,lstjfdq,gapynkz,88,32,138781
98,852,cxlfsyo,dhqowjz,34,41,
99,897,bgphrly,sjhkgjz,84,,
100,530,kufilzn,kgzkhol,42,85,
101,347,vsxqvrj,qnlugkl,43,57,146137
102,748,iwbjtmj,lfsyqso,51,,305048
103,264,tlbmkqj,uxruiuw,35,93,
104,939,mmtbgma,icbamtu,78,27,421177
105,497,wokizaz,fbgtuat,98,,462455
106,751,dqfsfzm,amollew,13,86,
107,644,bpncyin,cppfinq,96,,
108,210,wraqgav,zfjfdrt,11,,
109,534,mbwhzgc,kcrqtch,18,37,
110,126,qetzdfj,yesueyo,50,,
111,655,pehabvn,wunevhf,68,65,
112,589,mcnshuv,mgauzrv,94,53,96164
113,729,ejjucjc,eoylvmp,47,70,
114,51,wtaofkd,btfkayi,36,96,
115,808,cpplsag,kjsqlyn,43,,504940
116,65,wfjiscu,zffzehr,66,80,597656
117,91,lamrvec,eewfkwo,60,,
118,215,pjytnqd,yigmbks,82,79,
119,283,wftkzbz,nelnocp,47,60,
120,575,xmyrdtg,eoipawy,12,36,688035
121,949,koswyvn,oixkfrm,47,,
122,754,lzxvhgg,lrjwpfi,36,25,
123,733,tgbcdhf,lknssvn,75,,419035
124,21,ymsycxh,ppcxuvj,57,52,
125,548,vztoovo,cmveoyw,81,50,
126,953,pllkffs,jwxyala,84,,457354
127,374,amvtvdk,zsblvgy,79,57,675847
128,122,abybezu,zhctdzn,95,,233262
129,663,zpyqqsc,dwiclmc,27,57,187287
130,507,shedoso,myqqhwr,98,,180797
131,334,grgwcvo,jvhcpsw,47,,
132,637,kpaosvw,nufwbyn,84,,699284
133,240,pqkzmoe,fjikwjl,78,,217710
134,621,hflpfes,ggpdfkc,36,89,343829
135,38,aiiehrn,oyrlrau,88,,
136,952,mbfrizc,buujofe,31,41,557820
137,282,uylysaa,gibkwzx,96,28,
138,107,uljdsqu,lrlqddf,68,57,619382
139,409,hxyjgby,jonpkxb,9,78,461722
140,433,yoycjit,mrcogbj,43,,415511
141,860,fpeejjw,igejtiu,58,,
142,850,ulueafl,njbuczf,78,70,
143,7,tdycuie,jhgzmwr,42,,
144,121,pjlhnat,fnkwbsa,82,73,
145,306,lrzxeqc,yopxcgl,80,93,85526
146,233,fsixuwo,lvmnyrv,87,,
147,130,omjkrzw,yqcpmft,69,56,137465
148,832,dukyvfs,minwfaj,33,,85373
149,190,lbaxpdc,expqgfq,9,,79768
150,3,exrtmnw,svqdkxu,28,,
151,428,guafxwi,dpygabz,36,,
152,326,nvhsrvn,jrauouj,7,80,
153,978,ttxzoyw,nkxukko,83,72,
154,391,tyecmnb,wvtrqaq,49,46,
155,345,hmtiqsb,otpxttl,43,,
156,310,wogpfml,yyaudlh,61,86,137978
157,657,katrboz,kfflwsb,99,25,
158,315,ijxetuv,sxvclud,89,61,485606
159,401,iklrjgy,erddzma,50,,
160,117,xysynjk,eogiiya,80,79,
161,753,jjwotbg,nvvpmda,48,,404714
162,994,uirtnvn,nnxxkxk,98,,
163,666,zsnocaz,gqxskzp,98,72,
164,552,rqmboyd,nrhreen,84,,163555
165,995,nboqgpt,omeyxtw,57,,
166,16,mesenan,gvdzqfa,22,32,135096
167,876,mjtevka,mlpzffo,92,,
168,656,ybodpxf,uxkrisf,75,87,214879
169,882,pvjlvae,zgmsavu,68,67,693684
170,30,zhfsmio,dwtkjms,78,,
171,517,dnhfhsb,opcqztv,81,71,
172,70,uaixugj,bdldhxd,39,,
173,172,ykxgkau,ixkqbwx,60,,260654
174,339,akqiajx,fjlujec,14,,
175,471,azmwske,xsnrkug,40,71,340868
176,855,kdnthfv,eaowiqm,59,,357033
177,948,xzhajdm,httbdep,27,33,622958
178,353,mteprje,vbvpbos,79,74,266474
179,553,offfruo,smridrh,95,81,239477
180,851,vhnjakn,umhosca,57,88,377422
181,166,xsgmzkz,eftjaop,8,,
182,437,gqpuypx,irrbles,77,71,217247
183,529,xrapjnx,oxpzjmw,10,,
184,140,smkscgi,kwbnrlu,36,39,512670
185,354,wivyobu,thejlng,65,74,
186,591,hwzmohj,tsacpsk,94,,588501
187,465,urplbbq,xjygpfg,24,,
188,985,rynpchh,ffkntiv,84,,
189,842,rsbxzaq,dxneclv,67,91,
190,289,rzdrpen,attumkn,64,,
191,388,bhsteoz,uilzlkw,83,35,613196
192,896,isesblk,odlcxfi,37,47,
193,463,iddzxjs,hgxnkvr,24,62,444310
194,119,dzfhlou,mkbstok,4,45,519182
195,253,dskqsab,pdvrsyd,18,22,
196,19,obebmcf,ulbbjrg,99,31,
197,996,doktpvx,xwuxrzn,55,21,
198,771,xyaeywa,wwylksr,31,,
199,481,wcdunqf,lkfrjqo,83,,374390
200,71,brvmxmg,enlclgq,96,98,
201,430,zicibjj,djmiylw,79,39,127677
202,883,nxkizyg,hatpwao,15,89,
203,779,ugcvqec,xeawqum,91,,
204,2,bivnrhl,boyqvlk,99,96,
205,328,vmspfyh,rzwwgqu,24,70,
206,246,qurinzb,kmiptlx,20,,
207,226,wpjxvfb,vkdkuhk,76,84,
208,464,tuypnei,voeefsn,84,,
209,983,ffjyvhn,prcketl,28,23,697557
210,728,cukltuv,jsscgds,50,,375362
211,913,qtuvnke,quqsovg,55,96,
212,42,vlibryu,gizonsk,54,90,
213,906,dtfkuxw,urjrbrb,90,,
214,14,dhmtnwt,dndqvia,40,,
215,472,sqweegc,gxawyng,12,,269232
216,890,ikoooco,bzgcyyr,56,,
217,822,pjnjwjk,ircbyjq,86,,475189
218,203,jzmhhzn,mwjxata,35,,212390
219,700,ukacvmi,zxphiww,25,37,
220,269,kqtzhtn,dlgytyf,81,40,206178
221,625,ukpchnr,roclhex,16,,132129
222,812,llfngkn,wmyksdg,93,,
223,379,fwrpncs,uacuqlf,84,94,
224,610,wwoypxd,ciofwnv,95,24,516834
225,778,qfizwhp,aguzmhe,22,,689673
226,675,vrygdrv,jduihua,75,,162017
227,526,mjufgsb,ztmdqkd,94,,72519
228,330,sbelqdo,hersefx,20,59,
229,802,skjdzlf,mehchdn,81,80,
230,578,djlfzfj,lyspfoq,24,96,
231,222,dbapfxd,akdyagy,95,,363186
232,647,wgcmfhb,esjkoqe,55,77,
233,506,rpyjyxz,lvijuyi,90,,
234,489,igarjry,ahmvdmw,69,91,403673
235,288,ssbcycz,hgminau,45,76,
236,197,fuvpbdt,zdijtwm,5,52,50664
237,78,jlpkyly,qlbkbrc,72,97,515366
238,560,renwktx,ohvfaok,18,69,
239,727,ezvquew,adawnud,49,,472722
240,187,uxddriy,kfdfhgy,9,89,
241,482,pfcghhc,hzpodfj,3,,
242,480,phbiusg,bmqmkyo,7,,
243,325,ohcwmux,oenbtrf,57,,
244,946,zxqgmiy,lspkkjb,75,36,449640
245,652,hirwgpo,nhpuzoh,29,86,157679
246,989,hxirhsr,gxkvmfx,77,,
247,163,asbumpj,iwotnpr,46,,
248,814,poltdra,ratkwox,32,59,279696
249,424,zllmypm,yqmlnep,62,,
250,188,hlwcrxf,wudnlgv,7,55,
251,273,xahunzt,clvlgpr,27,,326649
252,263,hbjhipl,tulkcef,29,,376991
253,752,ictxgnf,fiqodqy,41,,270220
254,415,ukblxdt,mxospfu,3,31,245963
255,200,fcxoomz,cupfjic,47,,154574
256,767,wfoynrh,hirxskm,16,95,
257,212,athalrj,hnvtdlc,18,21,370169
258,533,enxynkn,uojaqcp,36,39,513689
259,221,whjvuct,lsxwarc,78,59,
260,177,ukgxhdr,ehhffgg,47,,575005
261,570,leladxh,rqxrkjs,100,35,
262,307,wkvzgmf,xuthrsu,33,83,
263,967,frtqliu,eozjpmj,59,29,
264,321,asnpsta,cxzhvpw,43,20,60671
265,977,zpducrs,fwecmze,77,,467657
266,943,dvkdash,txfbyod,30,32,
267,527,tkaxzzg,rqwxdgc,16,46,
268,613,soffyom,eibczxm,35,,
269,60,uplfcta,stttmub,21,,
270,57,lppmbjq,bjswnyw,46,90,81792
271,260,kxadqsf,ocqzwrl,67,32,
272,417,ffzfpgo,tyxrvxz,50,94,
273,495,cwbigaf,nphewry,81,96,
274,420,eunlpin,dujbqzp,14,51,
275,970,rpwsycm,fmrciys,20,20,
276,211,vozhwwu,wxiocdu,68,82,
277,243,boazsjp,yswfhow,49,,
278,684,bzrthfu,unktalq,41,,72888
279,699,ouqoaqg,yysjdrj,79,,
280,137,syoxnnh,wxolrxq,64,,
281,745,jnllase,gcjjhln,12,70,319903
282,924,bmhwijb,mchqcxt,27,58,
283,413,vswvdxe,ddvejwg,94,62,77098
284,46,xzumnrg,lgqpban,71,,
285,512,cuzyppc,wkmfnon,41,26,
286,564,kxyduja,hjvelvt,72,61,402459
287,300,vdtajeo,ujpheaw,67,54,
288,601,sbccfmv,iyycevb,21,98,152597
289,746,rynzzkk,ubixprq,16,,576170
290,734,juxyfnm,pkbasmn,29,75,517122
291,660,texqhkd,kzicprc,94,89,
292,547,gyxwovg,wqbudbf,92,83,274207
293,880,ymslxlu,ccxtmcs,20,,
294,161,xwwtbnd,qruflag,55,62,
295,499,hxnchit,zfxhmrh,92,,537391
296,462,kvrrybs,qlulszu,98,61,524225
297,101,uqriiag,clghott,18,21,
298,756,wkgahjl,zfmwecd,61,94,439612
299,63,emmaixv,fxdtcxf,19,,
300,165,bijxbdc,olgbpcy,67,,447861
301,772,hozsnps,crbguuv,40,,323630
302,338,kncpfwd,aiotrmu,7,,
303,149,swlfcih,jictctp,92,27,455222
304,541,bsfnmld,igerlfg,41,30,
305,198,lmxbqal,uzuxbez,34,,
306,456,nwhfsuu,iskoqvt,18,62,
307,390,kcydmoe,hccupjp,99,,368241
308,259,hwmavyc,kdkhvle,73,38,434195
309,646,qbkxslf,vjkjspp,23,72,
310,192,yoocxjy,caqoqec,74,96,
311,83,kiycxqu,tkxtepn,48,,445253
312,258,yvughun,pxqisyy,68,29,
313,309,rnenlow,idzfhfa,40,,607687
314,538,wsczdfd,vwheibu,91,,
315,720,lyvoydf,ltjgytk,50,24,
316,885,geksvpm,oryqwrp,45,,
317,561,oqfeiti,roouvsc,37,30,
318,789,uoklusk,kyqtvxo,90,52,678233
319,815,dmdzxbs,hdolhmh,11,49,
320,587,lzjmeso,mxqzalk,76,81,
321,62,drwwten,zcrlgsm,69,,395873
322,809,vqgnsih,vpigtwu,25,,435479
323,920,bxalfvd,gcypvwt,11,79,482894
324,249,huwswlp,cmginbf,46,,680696
325,176,nxyccih,vrvnnvl,81,79,143968
326,1,bvnczuy,lxirbkw,17,,177506
327,377,eyyuylf,dyfwqjs,60,56,227207
328,297,kmxojcf,mazmzto,89,63,129877
329,993,shuqdhx,epeqftg,6,62,248109
330,134,nzsujhw,hpzkrme,53,,
331,23,pioxrxu,qjmhhak,62,33,384312
332,834,drsdwga,rmnwvsa,100,,608371
333,5,htmexjt,ladfuuz,75,82,124082
334,227,wodctqc,ltaahbz,39,77,
335,791,jcagpva,vblufek,68,,373265
336,398,zftpggo,lebrsxk,10,43,
337,961,citucms,bvixctm,94,,628005
338,630,xschzkv,gkebwpo,9,,
339,798,vfxfjzh,pedcrjd,62,65,99492
340,58,aidtzwu,bdwuxvw,84,60,118960
341,549,wneohkz,atszsti,73,79,
342,414,zypfzip,dgbcgzs,45,88,224568
343,513,rnvoceq,phmpddk,82,86,347261
344,468,gnwhsak,pyehlcg,71,,350606
345,813,zhvcvpw,kpijnrj,29,46,
346,836,yymfjza,chxorpu,41,24,175561
347,252,qlcgshu,mawoolg,72,88,
348,849,wjjjlvu,zxyronl,70,27,
349,870,nzuqrpy,zwnffod,31,,501497
350,847,mwhhsch,dcwwsas,48,100,
351,826,aiwhpuj,njiqytn,87,,382294
352,693,ymfmjjh,ldjqcaj,70,,207753
353,584,ewshusd,hfblbkb,13,89,
354,469,fpbxfao,zpchhsf,2,90,
355,519,mrpaxdh,jzjzrql,6,,697782
356,56,dgwmzre,prfiolb,1,,
357,373,beiwvqx,wzueiom,50,24,504192
358,986,yieluus,rezivoz,22,,
359,698,jshipza,hvqdkii,99,81,339798
360,109,qrkqsqd,seehguq,72,,354238
361,67,xulaesu,ocwhksx,23,49,681632
362,598,vphnaca,zankmlx,78,,
363,80,wtfdxyg,tdvnugb,74,,551880
364,375,nwyxjwx,ojfednd,55,96,442012
365,835,njsntoj,wesruol,74,,244213
366,365,xkpcpwk,cqofhfg,61,98,525011
367,100,wuwjnbk,dkjiffw,12,,426839
368,143,dhpzwww,frhcpaz,71,,
369,270,vekjudf,uyotcdf,62,33,
370,623,zuomwde,qwsknzi,41,,
371,602,sfjcywn,utawbuv,49,26,
372,680,vzkvhel,aqecvzm,19,52,
373,395,zazzbci,wavdmjp,89,96,427817
374,559,jrjorbd,bvhfbnl,15,32,
375,356,uiymjqa,lyipfcw,88,23,200883
376,971,ufukpek,enocnkw,72,91,
377,974,jnulhja,xdvmfia,63,98,
378,337,lvcytmz,jrixbxt,92,38,69333
379,535,psnkfgm,hwddrlx,30,,
380,96,fpgtzub,iptvywx,49,,153304
381,576,kfmtfii,ynyxlwt,1,74,162501
382,429,uytxtjy,epiaxor,17,74,639342
383,894,jtsaycv,ayggxpx,74,33,
384,153,udfmwnn,aobcfmu,97,84,589993
385,928,kjugwie,hjkcmlz,71,46,
386,491,ucevnwe,rxsjuuw,88,31,483956
387,658,italpyb,wsqgyig,6,66,249641
388,990,fueogtg,actawjn,57,,
389,454,wgjtneh,djihfll,33,82,
390,923,ndcvwbb,gqpuqlx,13,68,651239
391,520,hedsofo,kexfrsf,61,,75951
392,999,fbzbucb,zghcqvf,73,71,431728
393,430,kkgzooz,qsgndhv,49,97,193600
394,640,zvnflyu,burmjpz,44,53,514831
395,488,vbtfoel,bmquykh,51,64,389070
396,496,laskcvq,alpbgjn,49,,
397,990,wxlncsn,euemxln,24,63,
398,178,jxjplhr,yodaeat,57,,
399,995,talpxoz,yddnnuu,48,,
400,720,qrruudm,fbthiuo,30,,103933
401,611,xrrtqal,wjlprew,91,,
402,903,zhikmgq,ndbjkqk,93,99,
403,946,llrdqjt,qmgjubp,27,28,
404,925,ptaknsp,ywbfsul,13,59,
405,131,visorug,nmraqte,27,60,
406,574,nmbwhzq,yhnrclt,59,,429609
407,900,mjmbzlh,vmbjevj,72,97,
408,516,hqhputd,zmgqece,18,79,586892
409,650,neqqntn,ofawfub,51,38,438884
410,837,oyonpit,dllmqcm,1,,
411,337,xoddluf,majwgyq,17,77,256526
412,252,fnlcmew,nvbinee,9,,367145
413,23,ciluhyi,kncrpsc,71,,
414,313,plcjxay,rrhobga,98,93,
415,842,lvslakx,zglqtol,75,,
416,503,wyrauwr,mqzvopn,76,50,596811
417,427,cwejlyf,nathgxq,77,38,
418,725,gomptcy,zjpdxxs,83,,
419,800,qfzckpf,aojlrwa,15,,
420,392,mlfzasx,qxojqve,27,,
421,185,jsfuqig,rclhqcn,39,64,
422,31,yjxqacu,rutpina,52,75,
423,434,zoaavuq,xntvpuq,18,54,66689
424,672,aazvdlz,tcabqzf,56,86,
425,736,pljokeu,dnllgzn,100,,144285
426,294,rrtjfqa,qzghcqq,5,,
427,372,erkshnk,caeracu,57,68,
428,266,ckgvfff,fievcdt,100,44,217721
429,104,fgplbdz,mhucqbm,77,,154940
430,351,vgrlckj,cfbwtim,27,47,326235
431,838,bxvsids,zxpsbqg,93,79,138727
432,994,vdrokvb,sudcmvd,79,,
433,282,cxwveuc,dckhpom,63,45,
434,498,xvfmrzl,fonvqzw,70,86,
435,336,wmdhxlu,gbxhpux,74,30,632010
436,584,pprlacq,nzhepnh,15,50,
437,540,swqmonw,hjkukpl,7,53,
438,17,aosxhhg,pzzwims,56,,192554
439,25,viclsup,tnmbdcr,10,27,259386
440,237,epbvfaq,jaqgekn,17,54,309386
441,541,snurqaq,ivokhgy,97,,
442,602,betnkbb,qlpglzb,41,42,
443,147,fpjsxrs,imqhbml,97,,439515
444,596,knirwfx,lvkmdai,65,96,59899
445,342,otsmjeu,akiyjcj,97,,260955
446,406,tfbsdco,phopkak,59,,
447,823,eebxmsq,yaafzqv,89,64,101033
448,874,zrolsjw,ufjlywc,10,,
449,992,yrqeayz,uwqulpo,94,79,178744
450,477,veuuprl,lvmrvyo,90,69,
451,492,mkcuecu,xixsrxd,47,,
452,554,uujnjgw,bfqsecb,78,,268504
453,128,daewlij,lxnwdld,75,83,
454,204,uibmvpq,uctetyd,3,74,252793
455,1,paffqfs,suiyuom,96,,508939
456,220,elqkupz,afxxvua,22,52,504272
457,37,qaitryi,yhsljee,39,,
458,961,amgxpgg,sbnnmah,6,,
459,562,axnzlca,tgnrmtc,71,67,
460,203,qxugfxj,grtnelj,89,35,424015
461,689,sleqazb,ghvkowv,73,31,
462,435,vfkricq,llzxatj,4,,
463,511,mzikhps,mhmrqgz,94,,211690
464,522,jbfdyvm,dnvjyrt,52,,
465,172,tsxjbgs,snupqjl,28,32,
466,459,leukslc,ybeculm,90,57,
467,884,bpggeup,rlrmvek,50,71,
468,296,llqcvge,fiyxcbq,62,50,642624
469,42,daiejzv,eplshhh,36,56,455313
470,1000,djykfbi,osuyojf,47,53,
471,198,zkloxwc,gmzioef,89,,
472,164,owhbmxz,mebgzwp,64,,540271
473,113,fdtnvvy,xfzajep,76,,
474,931,negqmhg,twuvuam,41,86,594800
475,652,wtjdxcg,baxqkpj,8,,
476,268,gudqfmd,kmqbjhs,29,89,475340
477,355,ipyikwe,lklsnqc,38,28,119507
478,807,vybltiv,tijfqqs,76,69,
479,219,dwodvdq,efpdkxn,69,88,
480,905,ndqgxdx,hpsfawi,96,46,675080
481,615,gknebuz,uvjiedy,24,,344521
482,739,janfckh,ukjkphk,97,49,257655
483,275,namuvpk,ucfvylu,100,33,
484,36,axdrpdn,xzfkgqa,53,,602148
485,682,umesjsz,tqtecsf,83,61,398020
486,440,jisjfix,fpvzgtb,23,48,686859
487,501,mvbijug,cwtqelx,33,40,
488,338,wyeobdx,atbqjcr,81,70,
489,598,kqykppm,rkmrctk,1,,603876
490,69,pcnkyjh,fjcdcbl,63,100,
491,136,idwpxbg,tvvtewd,99,26,
492,364,oyhaiuh,kdeshpl,64,,569795
493,472,lgxpkyg,lvdknzd,99,52,180906
494,153,apsujnm,hgfojms,47,55,656522
495,955,tocemqp,fhesdmr,53,40,360533
496,655,mhupchi,pfshbcp,14,,104603
497,769,skwrnsv,womajwj,84,,
498,176,mfnuyrf,korcoah,27,73,464372
499,624,iozkebw,uwjoxsn,88,23,
500,280,qwujwxa,ecchazk,97,26,432301
501,521,gsdiriw,dwkrvgz,90,93,
502,877,ompqnxq,slhgken,89,,
503,40,ksygxto,ifcohqs,99,,
504,732,ulfbbuz,vwhkjph,11,61,654950
505,781,jhdwokq,htsdxdd,54,,
506,784,kcmkuwj,gruinvw,88,,
507,248,kawuvfl,elvfqzs,90,,619558
508,618,jitzybi,towdvxp,23,99,
509,716,rriakdj,yorztaa,21,88,
510,945,wwkslyz,gifzmfb,9,56,
511,463,wmfsmmc,zfqleil,34,33,103139
512,873,zutldow,ymxubcq,30,,
513,301,wuyvbmp,qqlgaof,42,,273832
514,371,vimzkht,onvbchy,95,,388061
515,302,reuyrdf,omekwyz,25,59,
516,810,crirpfi,bakcgcu,53,,
517,226,brbzjnb,cqojvsb,98,,
518,825,unhzara,wugogll,92,90,
519,54,abbktsy,ulpqcjf,44,25,
520,980,huokcee,obuwlri,24,,
521,702,avhnuxi,kphrvvw,35,78,616374
522,580,abstpgj,qwjlbwx,54,,581641
523,487,tsrrnch,lhhnuxz,86,,628182
524,244,dlfyabl,aqnyyvd,97,,
525,416,rqvybkx,tvllysk,74,,
526,787,pzjlaaq,sftragg,87,,626402
527,561,auzgyin,heznayz,98,23,
528,943,vmizame,yvetano,31,,333565
529,247,ohxajck,zyfndzj,53,81,651847
530,224,xhaqikw,piskadr,51,,
531,425,qmqdkie,plqsrwc,91,,
532,918,cqqacke,esltcto,37,72,129228
533,515,mydzzzd,jygamdr,91,28,
534,958,mmjqxmw,nxnqxlh,77,,166110
535,357,keyfhgu,evbrbcd,72,30,119953
536,579,wrztfxa,wfwntru,64,,
537,523,wagehek,fwwfxpu,67,75,
538,222,otiznpx,nzgxgnq,42,,629315
539,322,vjbmfip,onayfpa,85,86,
540,907,jccyhlt,byukfck,16,65,
541,318,avbpqxi,sejiqkz,46,20,647309
542,454,sdfzgxs,qhslcgp,14,28,
543,510,logtrnl,zgutoyf,70,27,316396
544,952,edzqqfg,qrgmmlg,95,,
545,978,dquwqxd,dvhxpdg,36,,
546,692,ntpzvzz,whqbbpg,56,33,93281
547,632,vxlfjsm,nicjxxb,76,,
548,466,zoxbxra,zvmwskw,2,75,
549,505,sfxajjg,jdlirzc,1,,450202
550,926,xrzrbtw,euoiepg,91,50,
551,475,zgtgowj,yjoipxs,66,,
552,908,qmqhidw,yfpdras,27,46,
553,726,ikdfmdt,oinklim,9,46,63569
554,977,mowfhiu,unqphcf,69,55,
555,963,iuiipiy,vqmxlfl,77,,
556,311,dxorebu,doymflz,10,,425721
557,713,nekhrmu,ichrmvy,75,,180276
558,350,nqebqhi,xlmzzok,53,32,
559,538,zqloaoq,vtzxowj,16,41,406038
560,651,cetlrya,uerrgug,80,,285075
561,626,mlynafo,dsugnal,96,,223541
562,418,ggndqzg,lzewuic,41,,
563,559,fjcmqmh,vfloihi,21,49,
564,402,osxmyxk,bliofms,57,41,
565,649,ryyszet,tslbymk,59,79,
566,665,xituvro,eugzrib,50,50,
567,144,rzprlzg,qvbjtro,74,,
568,614,gxvdfqq,lacsxhq,95,,
569,964,dreaook,kzxvvcd,68,,
570,19,haezhcs,qaxuege,54,,472059
571,936,auslixy,kvtqsss,71,41,
572,970,fupmscb,ulgznrq,61,73,
573,868,dohqhka,oeljwrr,46,,534669
574,170,efifucw,lylxrxy,52,,
575,64,lysirap,qrspljk,10,56,
576,299,yaskpkv,ijidwvm,32,79,74959
577,169,ynbekqi,txxcxna,72,,
578,380,usvulth,jnfwcme,20,37,
579,680,cqyvfec,qzsbzlr,93,64,
580,307,chzoeir,shpreey,34,,
581,962,djokzsa,etdvkuz,43,84,249098
582,230,aaoebnu,zhcbzdb,78,,644423
583,298,atldwgo,qpswkrk,75,37,373085
584,629,nmmwlhg,ocvbbwg,43,73,638887
585,462,vikgril,edgkrxh,11,62,
586,622,bfmzptb,ftlvjfg,7,54,
587,422,dqoxswn,nffqyah,79,,
588,239,dwpoiwr,pqvvoxx,38,75,404723
589,124,hwmfjca,gxtmnuz,74,64,
590,537,uwxivba,qeyvtbx,75,29,
591,251,kibhjzy,itzdhfv,67,,540557
592,479,vvoyolv,psxdbtp,47,,379161
593,988,ojfvwse,dettcmr,51,65,510437
594,590,qgiptwc,bqhjhft,35,46,578115
595,468,eaxgpeh,ukwlazl,82,,
596,986,bqxxcqn,tmbaxzi,15,,149493
597,715,dnoedkx,dijjbpb,62,26,
598,671,dpprmke,ylipkbl,21,51,
599,789,tdnaagf,xmapkwp,96,,320091
600,798,jnpkpoe,pybdjvx,29,47,
601,329,ybqbzcj,zomcnkd,40,74,
602,558,bgqouap,adcovvs,19,38,
603,369,iodljud,ldkkdoz,15,39,424225
604,636,jivwnbq,ecykvye,2,46,380142
605,57,baxpxbb,fedutvk,91,31,
606,914,btsblkc,aimmmpv,45,47,
607,385,ptnkunb,krjrotd,20,94,
608,543,hpicjgb,paiirju,29,,379897
609,148,xaliosp,feucvsi,19,,315631
610,761,glxpcdz,swllgpy,51,89,584146
611,999,iijzmvp,obdtygg,43,32,606110
612,886,rvcmtck,zgswkqk,67,74,455008
613,940,nuqxjbp,sruutok,46,78,
614,387,hyzmcsa,pzrcnvk,5,60,
615,865,zjhnbcw,iuyvxup,22,100,378196
616,890,vjoysxm,irllijy,95,,
617,168,muspewy,ytzhxpd,53,81,
618,808,yvjsccy,fvuaeie,89,56,
619,814,gehdmpu,hqdrfke,50,,
620,860,jffeksi,mambwty,60,20,
621,830,xvzjwso,rrsuoup,100,,151172
622,12,eeokokv,jnnrtds,50,,
623,954,qcdyscx,pkharwl,89,,
624,310,jjrixgq,uqrgzvk,53,,431260
625,238,yrqrzpd,velinjn,5,97,
626,791,uowwfmw,vqbrzsa,59,35,527619
627,241,ittdkdu,lmyhbjd,20,80,
628,779,zhugbqf,gvycctl,36,,103496
629,7,lavnnqf,wgmxdrb,27,73,
630,386,pnbbtxc,phvjdzt,51,84,
631,662,yomvibw,nlvbzhg,81,36,
632,88,tjgwhse,bfitayx,26,33,
633,928,vfygzfa,yhmxcvs,9,,
634,117,varaqwr,jioypkn,66,46,
635,775,lyyocun,vhqnjip,27,71,
636,951,kcfjdnq,zhuosyi,50,80,
637,991,udljcal,dwydnos,56,40,
638,233,daimpzn,kbvhcwg,88,69,
639,910,uozhlcn,xnvlhhc,48,25,412971
640,80,jfjvuzz,sckhipf,93,,
641,319,caglguf,bsbvazk,84,,224722
642,979,bejgqoa,mndiduq,84,41,
643,894,yoknvbn,xzmsweo,89,,
644,333,wfauybr,gtympot,34,56,
645,588,hkfvwkk,icqbkkp,47,53,357909
646,365,segchkj,gsexjoi,84,91,685003
647,272,noezkvy,gttkexd,44,,
648,263,mqeosqc,qaezfhr,7,27,
649,678,fitlmnp,ojsrwjy,72,,
650,206,ziajepv,tliyxhq,40,,254834
651,394,yonbfdk,zflmaqb,78,,287889
652,93,lbipfbv,bclkmgz,38,44,
653,234,kibrnuv,lexxloo,44,,471152
654,919,mgagrcy,iwdupzc,28,,496041
655,912,hwnazyd,texwmpu,26,,
656,273,bdrezmd,ypbocpx,31,35,137731
657,145,nsxcsrw,sijaqxl,49,,
658,287,yycafua,txilokw,81,,260533
659,264,coypima,dactdgi,57,,
660,670,jcxpoez,bfflhtk,88,,
661,532,kcblxoy,ztlrskd,10,93,577166
662,34,wrtmawm,opztojc,27,40,
663,242,khwtxpd,wykhxol,63,86,594554
664,67,ztuqwui,liunngd,4,37,
665,174,qodzsvy,bgmztoh,18,,
666,960,ybsvndx,eukwvoq,30,84,
667,679,vtydpzu,nuoikch,14,85,231695
668,404,kgknkor,kdhumlc,3,,
669,383,mfedsnx,fwxlrhj,13,48,
670,746,fgofjup,znfaayl,42,90,
671,90,lypufdw,imzcxpt,64,61,
672,457,nwwejjx,upxjkxa,93,,
673,210,jnolyoo,otnqfix,94,85,
674,792,epvsbnc,wwbunzq,91,92,
675,575,vocwhcr,bkfkvit,24,77,142035
676,446,sylwqxq,rpigion,82,98,523762
677,815,toldtlw,hkxhkzo,82,21,
678,382,pifpkfu,cagtdwf,88,68,161376
679,243,litzzrr,iyfthfo,9,37,
680,267,drxvfbl,iahbzhz,49,42,372635
681,817,zkqmudq,dewvaux,73,84,
682,344,yifhgkb,ggpzrde,8,76,
683,774,fpuhumz,ponxgze,88,94,428481
684,15,qxpxqxh,iydqhhj,18,92,
685,142,ewopcjf,usymufs,11,78,
686,359,qvrqlzu,scvrbxr,68,59,
687,676,lnwgtbz,vptzyqv,94,42,
688,885,dhkmkwc,oszgzfw,64,,
689,374,apeoswp,ahzfnxr,69,,
690,688,llispar,cieiiof,11,88,
691,193,ssgwmzy,rngddhn,8,,
692,417,ikkibqi,vcvwgim,11,,
693,285,xarhrey,tfmkgbj,97,20,
694,159,yvnkwyi,nxacbrt,9,,
695,681,bzsjdil,itvmtwx,34,,
696,73,vgqslra,bpwrinn,100,,
697,718,kqrnblo,mdfhjde,10,57,
698,335,dxnugnz,faypcjm,23,92,
699,852,zaebwgi,akvukro,19,21,583379
700,976,sdlmmjm,mqlzpqv,34,,470102
701,107,cllgacp,rtphqxl,31,,86881
702,950,otscvvk,uwibsjb,87,,
703,138,goobvai,hkgrgnx,95,29,
704,180,lxjmwmz,wrlwcgg,40,39,240303
705,270,pgzdmws,mygvqcl,81,,115571
706,556,sjceslc,zluhqqc,96,,
707,806,luuqeub,qvvtmfk,50,,
708,105,ymrmdxa,mlflnkw,16,62,301388
709,320,zrwuafs,zmebvlq,34,,181597
710,519,eylzaxa,deolsnx,70,60,
711,109,jppwfrf,dpehrrv,28,82,
712,22,lpqsnga,meeylsq,50,,
713,583,kgrpahl,ginutnl,82,79,360275
714,971,qfsctoc,qvhqxkg,83,,197682
715,449,wduhspv,zinejce,30,93,
716,231,fxadllx,levibdh,97,79,215629
717,840,wcwytva,dwcoxli,62,61,677015
718,633,wquqfuj,fiafpix,61,62,185144
719,989,qzeeajs,okdwnke,20,,
720,190,yjdtvac,suoaunr,45,64,561793
721,855,lxhlhfy,wpfnunv,47,83,188417
722,134,pedmcfi,srtvwyv,68,37,366785
723,341,zpgpmdo,rwefpjj,74,,
724,620,saupwsd,hsoazxt,70,,
725,965,vmgvtgi,imnjbxw,92,78,587188
726,361,fugqqpw,yffipmc,3,,130710
727,165,ljcpczi,evphfgq,53,42,366249
728,150,snymlhp,ujrgcay,84,,
729,911,hrhiijk,uplgyxs,68,23,497517
730,188,tbewgyo,pdsjfox,9,,
731,229,gutgdhi,sdrqxtz,26,,299064
732,262,vbjzmbv,misyaiq,80,,477093
733,122,fmrcqfz,dqqpmeh,44,72,
734,205,amyngti,wdzdwiu,19,,140910
735,821,brszxsk,zbwaioz,49,81,
736,587,scbndxb,ajlexum,10,35,
737,934,hctdkle,vcybnpz,13,90,472394
738,880,bggndli,billaqa,9,47,600941
739,953,eclofdr,kpykfsf,20,25,
740,478,wrcpxhw,mbzwtek,17,,
741,929,wlifwip,ctihuos,90,,
742,439,myqocvm,prhrqkx,47,84,559821
743,593,mjkomve,frtxyjx,60,,
744,9,pleglhn,yirfjno,38,,
745,315,deiksmn,atoxnpv,46,,
746,451,oonnwrn,klosfqf,97,75,
747,504,qbyicfv,deihsoq,69,,
748,608,mwlztub,tttljow,3,47,577841
749,752,nznihrx,iarbnbm,57,26,
750,432,lknasno,apyrmlx,53,,
751,535,rwwbqtm,mbkuubl,56,85,
752,448,plygdzy,yrtmrad,51,,508212
753,480,vchdowq,jyerrhx,6,85,
754,453,bjhlixh,bnwteqj,33,93,
755,795,nwvpicz,cfzxsof,71,81,318623
756,766,kkbampb,eusknpi,82,49,159513
757,708,mrsvngi,mcljirs,43,,151751
758,139,juzzrcn,apmvlge,38,,
759,62,jbpptwq,hjxhuvc,80,95,443633
760,125,tbzhvpv,brboqxk,55,57,
761,370,qevvxja,micqefr,89,47,
762,391,flosocr,ltdzjtq,56,35,
763,2,egtcmhz,ulcjfzu,49,,426693
764,18,uiifdby,ipwmepo,48,,550111
765,253,uafdovu,vkchfpv,13,79,
766,156,chxknrx,xgssjib,3,,141033
767,527,juybygz,qpgqsgw,41,26,493651
768,683,pzuiyxk,vlznmfh,2,50,
769,749,oeswtqj,phjusft,45,,429880
770,601,azbtywi,btzgune,54,,
771,813,albutna,klsoxzv,70,24,
772,669,usqvvaw,zetabex,55,,
773,628,nqffurl,qlqkxzf,22,29,
774,436,akfviwd,syqirsh,63,74,
775,760,pklfjnk,txvttzh,25,67,156901
776,600,jlphniv,oidhpbx,15,,574191
777,616,dprmijw,qcmfnxg,77,90,
778,499,zcousfx,wiuhtbk,36,,
779,52,ritehyq,fseivtk,8,85,675538
780,327,uswivll,fxcltqi,17,89,
781,861,ryggsny,ahpttvx,22,50,
782,149,eijvnye,tjtjxtf,34,43,
783,484,rdhfrhl,tteboul,80,56,
784,467,ayirhyx,iqziljr,33,92,
785,216,dhjbtqc,zyqkggq,58,54,196295
786,524,zwrfuvt,zakbhpp,84,94,
787,643,kytcrut,wwdotej,93,24,
788,816,qclnnfl,rzdafwt,81,31,
789,263,fpytkml,kchrijw,68,,469640
790,224,cyseggm,urmxarf,8,59,
791,521,xotzarv,hrmgyep,2,50,
792,526,njnulbv,vxvxlce,81,,
793,606,rfohwgq,hrwrlbp,74,55,
794,102,jduecur,ujacrkz,38,,527342
795,248,lghqgqq,zbjlsqf,84,93,
796,683,vvrswke,jlgvmaj,69,43,501033
797,384,fthaiuh,tekpyhi,87,95,
798,936,pbzcmpj,zwsvpgz,43,37,248357
799,728,oigpwni,vhxgfbs,55,94,61950
800,143,nooibtd,rtcdpbv,79,,
801,527,pkexhhi,bbkjgzs,74,51,
802,11,zhsjukx,gdkjtij,63,74,420235
803,80,hfitcpq,bcfhnre,71,38,667287
804,924,pkyezbw,nnjshyf,85,,436648
805,101,ajyocgp,lstwwye,15,,
806,654,mauajsc,svowapy,71,46,
807,422,bcjajse,fjuyrxm,100,,98469
808,591,tvljwto,gklsauz,2,,527739
809,817,tmabylm,peefcso,28,,
810,823,xexxbjl,wygbfxf,68,46,
811,213,fskjrff,focwhjc,56,53,
812,567,fgnxvum,svamvif,72,,
813,400,ehuldtr,qjpgfiv,16,59,438024
814,322,emzxltb,mqdeuis,83,33,
815,709,nkdebzs,jerlgyp,17,36,
816,229,qzpcjew,oknzmoo,1,,56404
817,129,alriapw,xnbzezr,100,,
818,682,wkcowvv,zufjohj,37,,362211
819,325,ekxvufd,qioptpb,64,,
820,70,zivgkrg,jmtpspp,59,46,
821,982,mbxhjmd,zhypxac,32,,662773
822,773,qvrifxu,fdctlsz,16,68,
823,378,quyoaoe,yvgbtxl,28,47,
824,470,wfdoqzg,ylbdeea,41,,294984
825,9,frmptsk,gkklprd,23,,85475
826,481,yogveiv,otzitqw,73,,
827,243,ybmhabw,qambvpk,89,37,
828,358,zespihf,fwnyqkc,45,85,
829,570,qpueiva,tzegfec,75,39,488991
830,6,flufpyj,sktoydv,24,43,
831,793,pevibkd,fwcgvqc,69,39,
832,629,pgkyqcs,uuzizid,22,32,590273
833,210,mnxhwum,xhfkafo,93,51,472773
834,141,fzdberj,vvwtmgz,83,44,291440
835,256,hitvqcd,ebjyskc,92,,377056
836,780,wijwdry,ycogmel,5,85,512828
837,957,donliug,nsoojjf,44,74,
838,553,hgrsywj,orlsvxr,100,27,263736
839,667,eqjjykq,lpbvtec,76,30,333194
840,420,egykypv,ameikkm,68,69,
841,796,hgpyahv,eynrnkg,10,21,
842,37,epxkrkk,ckzjxmo,68,,
843,996,naatfqu,glcwbyl,18,56,277239
844,974,tgdadhb,qforcsy,83,,
845,729,aalijba,tuowvmx,15,24,
846,244,twkxskn,gzsrpvn,5,,464491
847,804,nwsbgkc,pdbcgko,14,99,
848,947,dzjpflb,rxdblov,33,,255829
849,825,liwpwrj,jebfjjn,55,70,
850,371,ffhicsw,xwmolfk,13,,
851,637,vohflfx,fxtopzy,75,38,
852,718,zegrsrp,ewtllad,97,64,572532
853,81,qjpemsa,tdxlart,2,35,
854,971,uzyqhwp,ucehrzj,9,64,52814
855,357,bnhpvlv,szhstjz,10,,161782
856,304,oibivvh,lspofqf,9,79,
857,456,gvqzhfb,hazsmzd,23,72,
858,482,winitbb,qsdjeyd,95,50,483168
859,898,okjmimh,evoeshe,76,,670629
860,708,fjsitqq,gybrsrp,12,65,
861,499,fvuvwkt,zocgegk,56,92,423650
862,863,jbrensj,qhzwzmz,28,68,
863,43,mwhizqv,qfhrhzm,12,50,
864,369,zenmnmf,skdnkqg,56,,449459
865,53,ssvusqt,degapim,75,,
866,701,ojxkwuu,epkehti,36,85,282256
867,111,doirbcx,ozjzweb,92,72,
868,45,lfopphd,tkmpqvy,53,75,
869,151,azyovfo,ckqgyen,92,57,253744
870,735,bbehhbq,afkpgvv,94,87,671152
871,103,sjiyxny,qqixpff,65,27,
872,520,rxpafkm,misfrtd,53,96,
873,323,ijzytxn,qorafco,55,35,548317
874,818,wgntpsj,qwmqeev,46,,
875,128,icybnwe,punwgfy,75,54,
876,291,colkidd,nylmpig,39,,
877,66,zipicxl,efzxxac,26,22,301439
878,860,evnahzm,oijzdaf,89,,329081
879,303,rljnoyv,suxdpwk,15,20,
880,833,xbgakhv,vehchta,97,49,
881,968,mcidhps,arlhmay,21,28,
882,750,duzpjsg,egakltb,86,53,
883,847,hctgvkq,trsmllt,26,59,
884,693,eximqho,ikvwdjo,17,66,135900
885,330,qzkkmug,wowzsan,10,,501783
886,99,myclmgx,yhridwj,51,,
887,324,kjztteh,kiwxkda,18,72,
888,716,utvyabv,yqhyqyn,74,39,447370
889,854,dyznbvz,qoqeamx,62,,420119
890,635,ppjgmvr,rspgfhn,91,71,416460
891,305,ccwrrbe,lylflkl,61,42,592252
892,734,gfgfzxu,mzphgin,26,37,
893,563,pnpoldw,cxzqaqr,25,62,469251
894,307,jzgfrip,jhiqdot,79,70,
895,840,anqpwsc,huhhiui,97,,
896,616,zzjxvuz,xpkgmld,36,46,
897,810,nnazpve,jhgiglh,74,,228058
898,12,bskaxgh,edcjjxh,98,84,214367
899,698,xfqsnfl,qtiqzlj,7,83,525456
900,726,exesexo,rnabyvb,41,42,494860
901,949,mqvoqxm,wennlim,97,49,
902,724,wgntjfn,hazyrwc,56,80,
903,679,qrkgfch,ywicoyv,46,21,
904,689,gqgsjov,sqykvlj,69,100,
905,620,fjldbyy,guovvxk,61,74,
906,74,qutbbis,gxwlnff,34,,
907,849,qayezec,eurnrdh,24,,519997
908,98,mgthkmt,tdqfmxp,70,,483457
909,308,eurnzoq,smqrqhb,89,86,
910,203,uwbeufs,ckjrvig,34,,
911,792,ahsoldt,vfbswmv,82,95,453286
912,872,crynaig,echpmwy,11,98,566901
913,523,ccpsrzo,hmwcplj,65,55,557007
914,310,qkvlxia,kyskasy,33,84,362075
915,480,itymiia,rgciqvu,89,57,
916,170,prdsheg,taolruf,3,100,
917,692,wniahqu,ckdegjc,7,65,53890
918,894,vrlxjiy,auptdtg,42,67,
919,641,rgnckgg,njkligf,54,,
920,240,kufnzcf,cntynvv,36,77,655178
921,533,crdhmcs,lrrelmk,39,85,
922,858,tlidsiv,cnzpiuo,77,91,150218
923,707,kkpjcfh,vfunayy,1,42,
924,7,cnkhckj,tvjyyay,41,51,
925,479,kxyyqvj,powhpsm,46,70,
926,396,xdklsya,wkuvjal,15,83,
927,78,jzteqbj,qspjpdn,83,63,
928,827,zflphnf,uyzosmi,33,56,299410
929,980,kpyebif,trxszcj,23,,
930,593,bbggtsj,kuvtslc,4,57,
931,488,ybqejtn,cnjlcqd,32,,239491
932,672,psvtzwc,slslotv,42,,
933,811,atfvkqs,gvpryom,39,54,
934,890,oppuhcj,ellvzjo,91,,
935,395,jcqenby,brwrpky,85,,559704
936,382,wkyipud,dkbjctx,79,,442148
937,186,vubiuhd,sdfdcfx,1,59,
938,306,wlfitkb,phpcjbz,30,24,
939,380,ubnfqwi,ridkogx,15,60,
940,328,mdamsbs,jwzxfxn,27,48,168281
941,944,bbrlovq,jhtvooh,69,68,394899
942,514,grxtprq,hhgihwf,68,,684596
943,69,tyvnexz,vberppt,85,,
944,895,bwrscuf,xbfhxze,41,,
945,684,vwhmtnf,zodqofp,21,,349301
946,265,hdpeaqn,astryej,91,34,
947,645,hpudtoh,toczwls,38,88,283068
948,967,jwbnbjb,abfkytx,47,69,
949,214,plizpar,nedwmgq,41,99,458244
950,820,sldhwqi,obbesoy,59,44,
951,417,xkmwifq,vcpswzc,62,34,
952,454,pgqzipf,rfbmypp,21,97,
953,315,ykkjvah,zdzujdr,35,87,
954,207,lssnfbf,xhuyxdm,68,51,241158
955,44,sjptjym,ptdbftf,90,62,
956,347,tlquwrx,ckkuxou,85,,
957,562,tlyzsug,zjtcmno,27,48,
958,374,ksirsyn,ieqlyoa,75,63,
959,680,oxxojlz,smumlst,91,38,627226
960,109,iyxaiso,vjpgpxj,39,26,
961,205,drcibhz,ucgecxl,59,99,238408
962,25,ameurbl,cdczjpq,70,55,150935
963,668,xmtzbrd,ucixfyk,3,87,
964,165,aeztnpw,xysjmyb,52,82,295735
965,299,rkiuuyq,hcrbayo,25,,154193
966,161,swtgosc,hdivbry,96,27,
967,986,qpycrai,yhfvsur,75,82,420753
968,247,effzwjt,cpkvrdq,47,83,
969,830,reuwqkl,kqakxjs,14,35,561974
970,428,isoebwy,igavyuy,85,,
971,260,dgylkae,epibyut,6,,116604
972,868,scomfae,bpufase,61,,523159
973,91,jbountu,yyhqzhv,2,94,505007
974,519,emjeubm,bcgrqks,14,20,129854
975,588,sdnixgy,ypuclzz,77,99,
976,757,grqwufm,ranqpxt,49,,
977,335,nmwntmx,xzmdvpq,72,,
978,432,fqltniu,xfludul,64,72,
979,114,udhqevr,soqcbma,12,,544567
980,578,wqiuczz,kbnslrf,51,91,
981,295,wkytclv,huzwjhq,13,51,437351
982,217,dlsnhpr,soprtli,19,,
983,853,etalmic,aswagzg,65,,467913
984,2,qrwdqrd,limvnak,29,,452028
985,806,czxknxx,uxzuupd,37,,
986,413,uurxxcp,gxjeffm,63,,
987,122,uhlneae,jcgkqbb,14,42,666630
988,185,nvmzdbq,qsyywma,6,67,
989,373,wigsmyh,hnnibfm,52,89,
990,747,bmtkram,msclxct,60,39,
991,832,zlfkgfr,vrgggxs,11,89,
992,332,olhgjeo,irjqgbc,56,,156064
993,353,ghishxp,rvnukjf,67,,
994,424,fxnbvuk,dfryzpe,40,21,
995,754,vrpdolo,syqfgfc,97,34,56053
996,124,obckles,bsueidy,45,,
997,467,zdyowpz,ffmlkzo,89,,
998,327,gtkwubk,bjmxswo,54,,572372
999,975,udsfywe,lpqonsv,78,,
1000,71,qokqgwb,kfgphmj,52,24,
